,train,val,test
TCGA-3C-AALI-01A-01-TSA.7D4960A7-247F-46EE-8D4A-B55170C23EAA,True,False,False
TCGA-3C-AALJ-01Z-00-DX1.777C0957-255A-42F0-9EEB-A3606BCF0C96,True,False,False
TCGA-3C-AALK-01Z-00-DX1.4E6EB156-BB19-410F-878F-FC0EA7BD0B53,True,False,False
TCGA-A1-A0SI-01A-01-BS1.0b6b1f20-962e-4775-a5e2-9eef9ab5e97e,True,False,False
TCGA-A1-A0SN-01A-01-BS1.aae55eae-a830-45ec-afd5-8413b7d7bb87,True,False,False
TCGA-A1-A0SO-01A-02-BSB.1e0712cc-bf2e-4c00-97a2-9fa423fdbb27,True,False,False
TCGA-A1-A0SP-01Z-00-DX1.20D689C6-EFA5-4694-BE76-24475A89ACC0,True,False,False
TCGA-A1-A0SQ-01Z-00-DX1.36071264-3407-4224-BCBB-2ED00294569A,True,False,False
TCGA-A2-A04N-01A-01-MSA.8c234a82-e8e8-41dd-8019-58bd895f50e8,True,False,False
TCGA-A2-A04P-01Z-00-DX1.5B481E02-D269-4732-8FDD-6494E6EE2B71,True,False,False
TCGA-A2-A04R-01A-04-TSD.f8e56971-436f-495e-a7c2-3a147059fc62,True,False,False
TCGA-A2-A04T-01Z-00-DX1.71444266-BD56-4183-9603-C7AC20C9DA1E,True,False,False
TCGA-A2-A04U-01A-01-BSA.65a9cf7d-8f03-45b6-8751-5a535db11426,True,False,False
TCGA-A2-A04V-01A-02-BS2.8ae4acb0-5c0d-4a98-b0d3-3342c97245a8,True,False,False
TCGA-A2-A04X-01Z-00-DX1.E01A4522-67B3-4FEF-BD6B-99DFED9E7C85,True,False,False
TCGA-A2-A04Y-01A-02-BS2.0fd3867e-c47f-471c-b946-25b244d8c0e8,True,False,False
TCGA-A2-A0CL-01A-01-BS1.216b597c-9d7c-448f-984e-5659006a9c40,True,False,False
TCGA-A2-A0CM-01Z-00-DX1.AC4901DE-4B6D-4185-BB9F-156033839828,True,False,False
TCGA-A2-A0CS-01A-01-BSA.a932a854-ba6f-4a29-9fdc-4f5ce63e440c,True,False,False
TCGA-A2-A0CT-01Z-00-DX1.A8564130-49CF-4F5B-B5AB-F4D1A10479FF,True,False,False
TCGA-A2-A0CU-01Z-00-DX1.5B77D21C-A497-478B-9752-3730322AD9ED,True,False,False
TCGA-A2-A0CV-01Z-00-DX1.B02D017A-61CD-45FE-BB31-705CD127DDAB,True,False,False
TCGA-A2-A0CW-01Z-00-DX1.8E313A22-B0E8-44CF-ADEA-8BF29BA23FFE,True,False,False
TCGA-A2-A0CX-01Z-00-DX1.F07C75AB-E568-45CB-B497-37C712490393,True,False,False
TCGA-A2-A0CZ-01A-01-TS1.ad515c60-a532-4cab-ac6d-6bbdd877683b,True,False,False
TCGA-A2-A0D0-01A-01-BSA.de3699b8-cd5b-4bac-af17-b63d447c55e7,True,False,False
TCGA-A2-A0D2-01A-02-BSB.8b0210e1-3e64-4e14-8a7f-785bc507f7d8,True,False,False
TCGA-A2-A0D3-01A-01-BSA.a92d21bb-df83-4a6d-87d4-4558f0b8172f,True,False,False
TCGA-A2-A0D4-01A-01-BSA.0665ed7a-c8e2-4b8a-bf73-8c06dab48c47,True,False,False
TCGA-A2-A0EM-01Z-00-DX1.305CF011-7451-4880-9A5D-AB4432CF53A5,True,False,False
TCGA-A2-A0EO-01Z-00-DX1.D7A09E23-2CAB-4B3B-814C-BF0BA75B7589,True,False,False
TCGA-A2-A0EQ-01A-01-TSA.c64d0ac8-9849-47c7-86e1-2e2037b02422,True,False,False
TCGA-A2-A0ET-01A-03-BSC.a5ea8948-821d-471d-ba1c-3c36807ff5df,True,False,False
TCGA-A2-A0EV-01A-01-TSA.49658afd-55bd-4adb-a3c2-06a4e633efc5,True,False,False
TCGA-A2-A0ST-01A-01-BSA.187f1dfd-47df-4e31-883c-62534d8e0dd5,True,False,False
TCGA-A2-A0SU-01A-01-TSA.1501d762-6b57-43d8-b8bb-fe7970b750dd,True,False,False
TCGA-A2-A0SV-01A-01-TSA.bdab1f53-b83c-494c-9a73-487ee771adf9,True,False,False
TCGA-A2-A0SW-01A-01-TSA.dff06b29-6dfc-4d17-8b78-0ef50f9aa985,True,False,False
TCGA-A2-A0SX-01A-01-BSA.7c3c820b-1ddc-4a92-a59d-7ac2df9a7313,True,False,False
TCGA-A2-A0T0-01A-02-BSB.dc5e2a55-4bc6-4655-b86e-5aeb369f05c9,True,False,False
TCGA-A2-A0T1-01A-02-TSB.63e971bf-39ec-41c9-986e-a1937437dea8,True,False,False
TCGA-A2-A0T2-01Z-00-DX1.29A5C4C8-6AE8-44EE-98C2-ACBCBFBE9D60,True,False,False
TCGA-A2-A0T3-01A-02-TSB.5833680c-4d57-4657-acd7-879e52cfd8c4,True,False,False
TCGA-A2-A0T5-01Z-00-DX1.128C288B-B357-439B-A8D4-8E7DEBF73E4E,True,False,False
TCGA-A2-A0T7-01Z-00-DX1.EA4DF9B5-8D04-4BCC-9ECB-CB8CB8ACBE1C,True,False,False
TCGA-A2-A0YC-01A-01-MSA.05ee8628-8199-466f-9e26-012186642f25,True,False,False
TCGA-A2-A0YE-01A-01-BS1.7203b6fc-3a45-41e1-9104-14255fe4eb6e,True,False,False
TCGA-A2-A0YF-01A-02-TSB.65b05e09-46e2-47f8-8ef6-ccc5914752c5,True,False,False
TCGA-A2-A0YG-01Z-00-DX1.89A39319-F880-47DE-B311-DA1F6A64B6F3,True,False,False
TCGA-A2-A0YH-01A-01-BSA.5c229b7d-6921-4c3c-a7a1-0c02fe62e5f5,True,False,False
TCGA-A2-A0YJ-01A-01-BSA.d8a11cff-f5fd-4d70-8655-c8db88f7147e,True,False,False
TCGA-A2-A0YM-01Z-00-DX1.A48B4C96-2CC5-464C-98B7-F0F92AE56533,True,False,False
TCGA-A2-A1FW-01Z-00-DX1.DC2BC5D7-E57B-444E-833F-9A1B6E11DE6D,True,False,False
TCGA-A2-A1FX-01A-01-TSA.9ddece99-9be4-4d06-b8a5-f10e064a20cd,True,False,False
TCGA-A2-A1G0-01Z-00-DX1.9ECB0B8A-EF4E-45A9-82AC-EF36375DEF65,True,False,False
TCGA-A2-A1G1-01Z-00-DX1.E52A474F-DE13-41CF-94D4-D00BAC46ECF4,True,False,False
TCGA-A2-A1G4-01A-01-TSA.5d86407e-c67e-421b-8d36-330113e2205a,True,False,False
TCGA-A2-A1G6-01A-01-TSA.da860c75-25a5-4542-b546-e14c8beb8649,True,False,False
TCGA-A2-A259-01A-01-TSA.73bdd76e-4e45-4e13-90db-c996e5446c94,True,False,False
TCGA-A2-A25B-01Z-00-DX1.58D7BEDE-5558-4A9E-A95E-DDF24C9267EF,True,False,False
TCGA-A2-A25C-01A-01-TSA.e71b7275-0ac4-4d98-9f31-044c28153b39,True,False,False
TCGA-A2-A25E-01A-01-TSA.d01b323d-2c94-4a89-96dc-5c3d7ed76916,True,False,False
TCGA-A2-A25F-01Z-00-DX1.87499CD4-E41C-46B1-AAF3-5CE881F2B8BC,True,False,False
TCGA-A2-A3XT-01Z-00-DX1.336D6C78-576A-481B-8C83-F3A0FC4B182C,True,False,False
TCGA-A2-A3XU-01Z-00-DX1.174A92D4-50B2-4A59-AD31-D5EC5BBF2F65,True,False,False
TCGA-A2-A3XV-01Z-00-DX1.4B58B7CD-B3F6-4C31-863F-924D291EF17C,True,False,False
TCGA-A2-A3XW-01A-01-TSA.9E735B6D-B89D-4A42-9150-3A3CCBACF061,True,False,False
TCGA-A2-A3XX-01A-02-TSB.01B489E3-2FE7-4ED4-AF28-04850E1FD9FF,True,False,False
TCGA-A2-A3XY-01Z-00-DX1.E57FC9BF-411E-4028-AC10-8BCA5D0C8472,True,False,False
TCGA-A2-A3XZ-01A-04-TSD.F4F20F43-4A8B-4697-A46A-E43250604983,True,False,False
TCGA-A2-A3Y0-01Z-00-DX1.A1EDDF82-FFAA-44A4-A749-7FB6F8133CC0,True,False,False
TCGA-A2-A4S3-01Z-00-DX1.50699E65-E536-4C9B-93A7-4C9894624A29,True,False,False
TCGA-A7-A0CD-01Z-00-DX1.F045B9C8-049C-41BF-8432-EF89F236D34D,True,False,False
TCGA-A7-A0CE-01A-01-TS1.3025a9c8-a7e4-4048-bcf0-a28720c0f96b,True,False,False
TCGA-A7-A0CJ-01A-02-TSB.e090ba35-b5b7-469f-a267-8c8c68bc2c2b,True,False,False
TCGA-A7-A0D9-01Z-00-DX1.FBC3B90F-C58B-4476-8354-0AF9248324E3,True,False,False
TCGA-A7-A0DA-01Z-00-DX2.90C93176-C3C6-41B3-B34B-B16F1A1779E6,True,False,False
TCGA-A7-A13D-01B-04-BS4.CEB8AD38-4ED8-4D93-B532-945AB128C9DA,True,False,False
TCGA-A7-A13E-01Z-00-DX2.1E1262AE-A32D-4814-94A5-D951CA8BA35D,True,False,False
TCGA-A7-A13G-01B-04-BS4.AB30BD66-3064-4733-AA25-C9E13F861211,True,False,False
TCGA-A7-A26H-01Z-00-DX1.3344CFD3-5A19-4B01-BEB2-AB89F83FD53A,True,False,False
TCGA-A7-A26I-01A-01-TSA.2fd782cc-a69a-4c7d-92a3-50f0c6351968,True,False,False
TCGA-A7-A26J-01Z-00-DX1.86A92FBD-F346-4206-A1BE-0CBA1596135F,True,False,False
TCGA-A7-A2KD-01Z-00-DX1.BFF2DFC8-1D95-4DC2-98FC-5BD7D7C6CDF5,True,False,False
TCGA-A7-A4SD-01A-01-TS1.1FF59A1D-351F-4F25-B843-667F387A2C04,True,False,False
TCGA-A7-A4SE-01A-01-TSA.E85740C0-F763-4776-A6BB-847C10CCA21C,True,False,False
TCGA-A7-A4SF-01A-01-TSA.A9D65EF2-4CD0-41BC-98D0-FF6495369BF3,True,False,False
TCGA-A7-A56D-01Z-00-DX1.87D9CCF4-04EE-46D2-B7FC-A83561D7752C,True,False,False
TCGA-A7-A5ZW-01A-01-TS1.06909389-EBB0-43BB-AE11-A1C0449EADFA,True,False,False
TCGA-A8-A06N-01Z-00-DX1.E25E65F8-DFE0-47CF-9FAB-B82EE8E321F7,True,False,False
TCGA-A8-A06O-01A-01-BS1.7234aaa1-d5b0-41e1-a65a-8011581f6073,True,False,False
TCGA-A8-A06P-01A-01-TS1.bfe56de2-bb0d-4164-ac99-cd126521b63d,True,False,False
TCGA-A8-A06Q-01A-01-BS1.3e519802-6b1b-46b6-8e86-0151159873bb,True,False,False
TCGA-A8-A06R-01A-01-BS1.81f34f39-e1c2-4769-aaa3-5aa5df1c3543,True,False,False
TCGA-A8-A06T-01A-01-TS1.c5584b57-d2a6-45dc-aebb-33f801b5a3f0,True,False,False
TCGA-A8-A06U-01Z-00-DX1.56070AB9-A73E-44B8-8051-D93E8F881BBE,True,False,False
TCGA-A8-A06X-01Z-00-DX1.21F19EDD-ABCB-4398-B210-D795BB7A34E3,True,False,False
TCGA-A8-A06Y-01Z-00-DX1.3BC58446-524E-43F3-AAE6-FBC4AA543E66,True,False,False
TCGA-A8-A06Z-01A-01-BS1.d29f4573-c196-4e24-813d-131a00f55b78,True,False,False
TCGA-A8-A075-01Z-00-DX1.8E06AF51-951F-48E8-934E-42A455F65E5F,True,False,False
TCGA-A8-A076-01A-02-BSB.7619e564-4d3c-40b9-ad85-5bb8dd934d3b,True,False,False
TCGA-A8-A07B-01A-01-BS1.b1f937c2-0868-4c6a-a85f-cc4853c0a639,True,False,False
TCGA-A8-A07C-01A-01-TS1.7dee31cc-5d71-4358-b225-6010ad89c170,True,False,False
TCGA-A8-A07E-01Z-00-DX1.AC684481-979A-46F9-91D7-C56CE85992F2,True,False,False
TCGA-A8-A07F-01A-01-TS1.b4547802-0778-49f5-8465-4e3de9ffbf41,True,False,False
TCGA-A8-A07G-01Z-00-DX1.37E8A762-8141-4BE6-935A-B3DCB712BB4A,True,False,False
TCGA-A8-A07I-01Z-00-DX1.37E7BB2E-8210-4216-B75F-0FD06D6C9AE3,True,False,False
TCGA-A8-A07J-01A-02-BS2.5d44b586-7e36-46f9-bfc8-8f8afce34625,True,False,False
TCGA-A8-A07P-01Z-00-DX1.2C7C75EF-EEE2-4A42-994C-A1A40850C87A,True,False,False
TCGA-A8-A07R-01A-01-BS1.12d7cbf6-6c9e-43b0-b386-4ba1a0a29e04,True,False,False
TCGA-A8-A07W-01A-01-TSA.eae41004-b3f5-4528-9e95-cbda9ea764c1,True,False,False
TCGA-A8-A081-01A-01-BS1.e32b7065-c27c-48dc-bfc1-97ec920ee1a4,True,False,False
TCGA-A8-A082-01A-01-BS1.eb5e4053-9044-46f8-adeb-93d86318ec71,True,False,False
TCGA-A8-A083-01A-02-MS2.b47eda6e-54a6-4cfe-be0b-bbcb776be723,True,False,False
TCGA-A8-A084-01A-02-BS2.17dfc662-eae2-414b-96c7-741071b4955b,True,False,False
TCGA-A8-A08A-01A-01-BS1.db510b27-0937-42da-b559-6d65271401f1,True,False,False
TCGA-A8-A08B-01A-01-MS1.6513191e-0189-4a23-9a56-5ac94a553b43,True,False,False
TCGA-A8-A08C-01A-01-TS1.fc1246d4-246a-482f-a819-b80f25b95f87,True,False,False
TCGA-A8-A08F-01A-01-TS1.e2b24767-1df7-431b-bba2-45d1b4e767d8,True,False,False
TCGA-A8-A08G-01A-01-BS1.1db0beb9-ba79-4391-8e89-ba0ece7fd68c,True,False,False
TCGA-A8-A08H-01Z-00-DX1.6AA6A530-3BD3-4582-9D6B-8AE3B4A73948,True,False,False
TCGA-A8-A08I-01A-01-BS1.6a1dc7c0-efb4-45dd-b714-b4f97c92ac2f,True,False,False
TCGA-A8-A08L-01Z-00-DX1.0FC652B1-336D-4198-93FE-58D2214866D3,True,False,False
TCGA-A8-A08O-01A-01-BS1.4d78f0ab-bbcc-469e-a381-a4e9b763fd03,True,False,False
TCGA-A8-A08P-01A-01-BS1.c33472d7-2ca3-4195-a4fb-48118362da45,True,False,False
TCGA-A8-A08R-01A-01-MS1.cb32d356-ca60-4eab-b186-b63ed3b941d1,True,False,False
TCGA-A8-A08Z-01Z-00-DX1.D0AADCA6-C27C-4FB8-89C1-94B5901146E7,True,False,False
TCGA-A8-A091-01A-01-BS1.e7e9318d-a627-472a-9f2e-10cc917036d3,True,False,False
TCGA-A8-A093-01A-01-TS1.7e6676b5-51e6-4111-b21d-d11367681795,True,False,False
TCGA-A8-A094-01A-01-BS1.f21f55c9-cd4c-4677-ba95-bfe2e6a5ee0d,True,False,False
TCGA-A8-A095-01A-01-TS1.6e35462c-2639-48ee-9503-d2689ebb0346,True,False,False
TCGA-A8-A096-01A-01-BS1.fee8e940-d009-4580-b5dd-148a0218e31e,True,False,False
TCGA-A8-A097-01A-01-TS1.00bd646a-58cb-4be4-b2ae-9368143eaa9b,True,False,False
TCGA-A8-A099-01A-01-TS1.db6b41ce-27e3-44b2-9c61-6e218f9a75b4,True,False,False
TCGA-A8-A09A-01A-01-BS1.9c0690b1-13f1-4641-bf73-fa3949875cea,True,False,False
TCGA-A8-A09C-01A-01-TS1.60187ffe-746b-4a98-a6b2-06a6f884f04a,True,False,False
TCGA-A8-A09D-01Z-00-DX1.66312A8A-88BA-4B58-96DF-1A7AC39F9E4A,True,False,False
TCGA-A8-A09E-01Z-00-DX1.239A8E03-49EA-4C29-AF86-FC1BD8A9DB20,True,False,False
TCGA-A8-A09I-01A-02-BS2.ca9aacf2-573b-4af2-bc50-5213526eb3a3,True,False,False
TCGA-A8-A09M-01Z-00-DX1.E2CEA8B5-C86D-4873-BE67-359FBEECCA09,True,False,False
TCGA-A8-A09N-01A-01-TS1.7e5b6b2c-52b7-4b2a-bb39-b2e8aef29605,True,False,False
TCGA-A8-A09Q-01A-01-TS1.d65e2efa-2d03-4fc4-924c-a87a612ec8d1,True,False,False
TCGA-A8-A09R-01Z-00-DX1.392580F3-0CE5-4EDB-91CF-814AAD0DB649,True,False,False
TCGA-A8-A0A9-01A-01-BS1.eda51aaf-8be8-4dec-b584-1ae0ea5096e0,True,False,False
TCGA-AC-A23C-01A-01-TSA.8c21e006-e57c-43d9-afb3-2503b80c5e41,True,False,False
TCGA-AC-A23H-01Z-00-DX1.8E0AE339-1047-4CA5-BFC5-37A3B10FD8B5,True,False,False
TCGA-AC-A2BK-01Z-00-DX1.A3A1F275-9CDC-48BA-BB81-BCA6F02ACA94,True,False,False
TCGA-AC-A2BM-01A-01-TS1.18504654-A48A-46AB-83E9-A8D7E23B6EF4,True,False,False
TCGA-AC-A5EH-01A-01-TS1.FE5A32A0-934D-4CD8-9925-78FE99FF13AB,True,False,False
TCGA-AC-A5XU-01A-01-TSA.53BFAB63-FB19-4F47-B71C-C93645D58BBB,True,False,False
TCGA-AC-A62X-01A-01-TS1.E5AD5DD0-3CD3-412A-8EE8-1491C492D2C1,True,False,False
TCGA-AC-A6IW-01Z-00-DX1.C4514189-E64F-4603-8970-230FA2BB77FC,True,False,False
TCGA-AC-A6NO-01A-01-TS1.EC103F22-AE26-43CA-983C-E7CD7AA9F633,True,False,False
TCGA-AC-A8OP-01A-01-TS1.E2C52B43-51A4-4AE6-8B11-B7DC7392DCC2,True,False,False
TCGA-AC-A8OQ-01Z-00-DX1.15946A44-711C-4765-AB46-5CFB7BD11E42,True,False,False
TCGA-AN-A03X-01A-02-BS2.88b66ddf-fc7b-4b5f-904d-7eafc9654a1a,True,False,False
TCGA-AN-A03Y-01A-01-BS1.b7b9c538-7d46-47c8-8071-9b6080f6f330,True,False,False
TCGA-AN-A041-01A-01-BS1.a494a837-0c67-4ea4-bf41-55c40fe4fe7a,True,False,False
TCGA-AN-A046-01A-02-BS2.74a56161-07f1-4980-a2fd-2c9123fb87bc,True,False,False
TCGA-AN-A049-01A-02-BS2.3d6fd023-d5ec-416d-9f7e-1547d3aab113,True,False,False
TCGA-AN-A04A-01A-02-BS2.44355b22-95d3-491c-af4c-27225e753d7d,True,False,False
TCGA-AN-A04C-01A-02-MS2.7bf1ac86-c95d-4e75-8342-04af2b832610,True,False,False
TCGA-AN-A04D-01A-02-BS2.5c72d68a-9c0e-4551-bc1f-21f91c168acc,True,False,False
TCGA-AN-A0AL-01Z-00-DX1.D9E446A3-175F-4242-AFC1-78FFE3FC9AC4,True,False,False
TCGA-AN-A0AM-01A-01-TSA.63a22828-01b7-4b90-976d-7c32ccb9889d,True,False,False
TCGA-AN-A0AR-01Z-00-DX1.0CF1267E-C61B-4928-875E-59032F838F07,True,False,False
TCGA-AN-A0AS-01Z-00-DX1.51E551E9-E5F4-4C94-9B25-71DA41109E92,True,False,False
TCGA-AN-A0AT-01Z-00-DX1.DFD68CD2-C25E-47BE-BC06-8CE3C657B9FD,True,False,False
TCGA-AN-A0FD-01Z-00-DX1.8970DBBA-7D43-4C2E-B14A-6D21F1EF3425,True,False,False
TCGA-AN-A0FF-01A-01-TSA.8dfd4d8e-c38f-4a72-ae57-ac0268d2899b,True,False,False
TCGA-AN-A0FJ-01Z-00-DX1.97B60767-916E-4938-9D0B-E6C0FE1CB3FC,True,False,False
TCGA-AN-A0FK-01Z-00-DX1.8966A1D5-CE3A-4B08-A1F6-E613BEB1ABD1,True,False,False
TCGA-AN-A0FS-01A-01-TSA.ec030e02-fd7d-4683-803d-830ee80d8173,True,False,False
TCGA-AN-A0FT-01A-01-BSA.c578600f-5691-4d20-ae99-f0f8197e9bbb,True,False,False
TCGA-AN-A0FV-01Z-00-DX1.C0D02946-FCDA-472D-895D-7ACF5C96B264,True,False,False
TCGA-AN-A0FX-01Z-00-DX1.C9656600-F823-4044-972B-7059B39FC539,True,False,False
TCGA-AN-A0FY-01A-01-TSA.1ea457d0-a6c2-4999-a799-b912db76a7c0,True,False,False
TCGA-AN-A0FZ-01A-01-TS1.a389bdd5-9cf6-4e87-bfa7-208a33f25915,True,False,False
TCGA-AN-A0XL-01Z-00-DX1.E90AA056-51DC-4A6B-96EB-A0B707496912,True,False,False
TCGA-AN-A0XN-01Z-00-DX1.A8EB9F62-236E-4C59-A206-DF0C7654AC30,True,False,False
TCGA-AN-A0XP-01Z-00-DX1.A4EE3970-5C1F-482E-9AED-F1E3C52A776F,True,False,False
TCGA-AN-A0XR-01A-01-BS1.2dc66149-652b-4e91-9b44-f9d1447d61a2,True,False,False
TCGA-AN-A0XU-01A-01-BSA.bb46ef9a-df7e-4b76-9094-953e3769c40f,True,False,False
TCGA-AN-A0XW-01A-01-TSA.52d201cd-6fc6-40ab-8c4d-1d94feee68a2,True,False,False
TCGA-AO-A03L-01Z-00-DX1.DE6561A9-E6B8-4BF0-AAA8-F91C87A66037,True,False,False
TCGA-AO-A03M-01B-01-TSA.269edc5c-d85e-4ba2-99e1-ee2d9ca12797,True,False,False
TCGA-AO-A03N-01B-01-TSA.de5656d3-c870-4d3b-88c6-f117a4357185,True,False,False
TCGA-AO-A03O-01A-01-BS1.8b349194-04c1-4a85-947c-9397d5267823,True,False,False
TCGA-AO-A03P-01Z-00-DX1.D34DA321-D8E3-4D68-BCE2-4A8B72B3D0AE,True,False,False
TCGA-AO-A03T-01Z-00-DX1.8B75E203-6DC8-4AC9-A256-6FCB818DA0DD,True,False,False
TCGA-AO-A03V-01Z-00-DX1.52EBCB72-0C65-4E67-B9BB-DA15494327DE,True,False,False
TCGA-AO-A0J4-01A-01-BSA.9ab812d5-7e5e-4955-a041-052fa71325b8,True,False,False
TCGA-AO-A0J6-01A-01-TSA.d62f4c33-ae94-4321-b833-53663942e846,True,False,False
TCGA-AO-A0JA-01Z-00-DX1.E3DDBAAF-6FFA-40BE-83FF-942857CFED5D,True,False,False
TCGA-AO-A0JB-01A-01-TSA.b83de92d-b426-4133-8226-6dd1580049ff,True,False,False
TCGA-AO-A0JC-01A-01-TSA.261a41f2-e0b3-4c3b-bd16-ce6a61d1454c,True,False,False
TCGA-AO-A0JD-01A-01-BSA.4d037bfe-f392-445e-aedd-68ee8b7e0e53,True,False,False
TCGA-AO-A0JE-01Z-00-DX1.82D33053-E305-47D8-9B02-B55511EBB06D,True,False,False
TCGA-AO-A0JF-01A-01-BSA.9ec2c023-1696-411a-8c2b-c019b8c4fb43,True,False,False
TCGA-AO-A0JL-01Z-00-DX1.473CC200-221A-4777-B19E-ADC41D10FC94,True,False,False
TCGA-AO-A0JM-01A-02-BSB.2f3cfa20-a735-4e35-ae2d-2d2dd211339d,True,False,False
TCGA-AO-A126-01A-01-BSA.d9c05421-91fc-4fdd-988d-2b404fa24095,True,False,False
TCGA-AO-A128-01A-01-TSA.6bd59663-0c98-4fd6-8b4a-87b47541e08b,True,False,False
TCGA-AO-A129-01A-02-BSB.a781dca2-08b1-46a7-a7c9-7c2944546e58,True,False,False
TCGA-AO-A12A-01Z-00-DX1.4E9609A7-9AAD-40A8-8344-8369DF998006,True,False,False
TCGA-AO-A12B-01Z-00-DX1.B215230B-5FF7-4B0A-9C1E-5F1658534B11,True,False,False
TCGA-AO-A12C-01Z-00-DX1.F4105027-FA10-48AF-BA8F-C7A0181C4A1D,True,False,False
TCGA-AO-A12D-01A-01-BSA.e75eaf83-11b8-49a2-b6b1-77f98fa6660a,True,False,False
TCGA-AO-A12F-01Z-00-DX1.847C8E4F-3F37-4B1D-8E6E-ACD14391AD89,True,False,False
TCGA-AO-A1KP-01A-01-TSA.944cf99a-9e79-482d-b09c-3a140806e56f,True,False,False
TCGA-AO-A1KQ-01Z-00-DX1.CAB7D9A5-7030-4A33-BE51-9B04D67A7676,True,False,False
TCGA-AO-A1KR-01Z-00-DX1.BFB2E69B-E23C-4542-9CBF-EDD040B985AC,True,False,False
TCGA-AO-A1KT-01A-01-TSA.896a18ea-090c-4adc-aa95-7614c17ff75d,True,False,False
TCGA-AQ-A04H-01B-01-BS1.b648bdec-599a-4d7b-af54-2994a28794a8,True,False,False
TCGA-AQ-A04J-01A-02-MS2.e47ffa6a-8d29-4a72-885f-be1d984b00c7,True,False,False
TCGA-AQ-A04L-01B-02-BSB.229b081b-f757-4082-85fb-303bf19e611c,True,False,False
TCGA-AQ-A0Y5-01A-01-MSA.e8612b52-6969-4d03-aa70-0f11fb2de46f,True,False,False
TCGA-AQ-A1H2-01A-01-TSA.529445fe-410c-43db-9fe3-e5ac13387eec,True,False,False
TCGA-AQ-A54O-01A-01-TSA.8BB3A7DA-F7DA-430C-934A-A2302F127862,True,False,False
TCGA-AR-A0TQ-01Z-00-DX1.2BEA298C-6B3D-4133-ADBC-769E62CEFFA0,True,False,False
TCGA-AR-A0TR-01A-01-BSA.f1455ed0-393b-495c-9618-bbe3088baf4d,True,False,False
TCGA-AR-A0TS-01A-01-BSA.9076c507-2ebb-463c-a0c0-12ad08f5d5c5,True,False,False
TCGA-AR-A0TT-01Z-00-DX1.127C2A4F-62AC-4E83-99DB-13519BD2949D,True,False,False
TCGA-AR-A0TU-01Z-00-DX1.2CBBDDAB-C1DD-4205-A555-431542F9C069,True,False,False
TCGA-AR-A0TV-01Z-00-DX1.29AE9996-E73A-41F8-BCC9-23DEDCA5A7AC,True,False,False
TCGA-AR-A0TW-01Z-00-DX1.0C1EAE07-6BA6-4908-89E1-0133F3640174,True,False,False
TCGA-AR-A0TX-01A-01-TSA.4f6a2ef2-8c09-4c9a-aea9-5601722f4e4c,True,False,False
TCGA-AR-A0TZ-01Z-00-DX1.2D58BE38-03F6-4310-8E06-F1A523FB0904,True,False,False
TCGA-AR-A0U0-01Z-00-DX1.C8BECD9F-68D9-47B1-B31E-C1C6CAE456B6,True,False,False
TCGA-AR-A0U3-01A-01-TS1.d323907a-72d3-4615-a960-76a6d85571e2,True,False,False
TCGA-AR-A0U4-01A-01-TSA.e671596e-6974-40ec-8013-07cd699843d6,True,False,False
TCGA-AR-A1AH-01Z-00-DX1.5D5D7774-77BB-4EA0-9E8E-A8D28F70A575,True,False,False
TCGA-AR-A1AN-01A-01-TS1.f27b0f08-345b-4950-9344-8f6c54ca576a,True,False,False
TCGA-AR-A1AP-01A-01-TSA.462d1ac8-1c00-4690-9d0e-975853c4c5f2,True,False,False
TCGA-AR-A1AQ-01A-01-TSA.113b2018-7bb9-44bd-aa80-63eaf688b555,True,False,False
TCGA-AR-A1AR-01A-03-TSC.3013e9be-aa3e-4986-990c-559982f00e36,True,False,False
TCGA-AR-A1AS-01A-01-TSA.235f24b3-d72a-419e-8f5c-ffc808dc06be,True,False,False
TCGA-AR-A1AU-01A-01-TSA.1fc40e4b-617f-48fb-a990-4629b38fd8c8,True,False,False
TCGA-AR-A1AV-01Z-00-DX1.93698893-7C5C-44C1-A488-ED358D523693,True,False,False
TCGA-AR-A1AW-01Z-00-DX1.E527CA46-D83F-4055-8C7E-AEFEF13C1E29,True,False,False
TCGA-AR-A1AY-01Z-00-DX1.6AC0BE3B-FFC5-4EDA-9E40-B18CAAC52B81,True,False,False
TCGA-AR-A24K-01Z-00-DX1.3A56BAEC-484E-4F9B-BCB4-360ABF6DDB4B,True,False,False
TCGA-AR-A24N-01A-01-TSA.b617b299-5c2d-45c3-b018-6b8cf0e84811,True,False,False
TCGA-AR-A24P-01Z-00-DX1.08BE8830-C55E-4E2B-9378-371A670C75FD,True,False,False
TCGA-AR-A24R-01Z-00-DX1.47D79205-63E7-43E6-A513-2CD10DFA53C9,True,False,False
TCGA-AR-A24S-01Z-00-DX1.317C3B19-0D0F-4315-AC2D-C741F09DD775,True,False,False
TCGA-AR-A24U-01Z-00-DX1.220FD0D0-0DB6-4E3C-92A0-66CD6509F0AD,True,False,False
TCGA-AR-A24V-01Z-00-DX1.E749C2FE-E26B-4306-80B4-8269EEB23270,True,False,False
TCGA-AR-A24W-01A-01-TSA.a118d6a0-2b0e-4bb9-8ca6-e5f9eb9460d5,True,False,False
TCGA-AR-A24Z-01A-01-TSA.c9c1b686-7092-4b76-9ce1-7c0fd0b2821f,True,False,False
TCGA-AR-A250-01Z-00-DX1.572A2F73-6BF5-4932-BFEF-4B8904755ACF,True,False,False
TCGA-AR-A251-01Z-00-DX1.E91E357A-3AD4-4F79-A698-05F0B21A37EC,True,False,False
TCGA-AR-A252-01A-01-TSA.67f98277-46bd-4868-9f16-fbed2a257ddf,True,False,False
TCGA-AR-A254-01A-02-TSB.098d701e-d135-47a2-ba97-298a12462de1,True,False,False
TCGA-AR-A255-01Z-00-DX1.E67C081D-50C9-451C-814B-F097B2671300,True,False,False
TCGA-AR-A256-01Z-00-DX1.950D4546-4BF4-4380-9877-51D86A93D755,True,False,False
TCGA-B6-A0I2-01A-01-TSA.0570e14a-af12-4d0c-94d0-29f5788baa64,True,False,False
TCGA-B6-A0I5-01Z-00-DX1.47A30509-4BA0-4BA5-AD9B-F2C2DB701159,True,False,False
TCGA-B6-A0I8-01A-01-TSA.244fe924-d6e5-43a2-bd49-2eaf160f9fa9,True,False,False
TCGA-B6-A0I9-01Z-00-DX1.78E1D43A-507E-482E-B988-AF13B12B4497,True,False,False
TCGA-B6-A0IB-01A-01-BSA.2cd7198d-8930-464c-b313-3182d7910f41,True,False,False
TCGA-B6-A0IJ-01A-01-TSA.3e389914-3756-45ef-b49a-f818883551f1,True,False,False
TCGA-B6-A0IK-01A-01-BSA.37e0325b-a655-4b4c-b498-4717183addce,True,False,False
TCGA-B6-A0IO-01Z-00-DX1.D8898C30-4016-4983-9359-5C1507C01715,True,False,False
TCGA-B6-A0RE-01A-01-TS1.8df18495-1c1f-4114-a5ee-8dece9b410aa,True,False,False
TCGA-B6-A0RI-01A-01-BS1.9271aae8-cb65-481e-ada2-d0358f14a1de,True,False,False
TCGA-B6-A0RL-01A-01-BSA.448744f8-8c40-4d41-ad86-e59e8fd63b47,True,False,False
TCGA-B6-A0RM-01A-01-BSA.8b6ffe6e-5db9-49dc-b778-878a7d62c184,True,False,False
TCGA-B6-A0RN-01A-01-TSA.39e1a0a2-1727-41b8-817d-3242d296d382,True,False,False
TCGA-B6-A0RO-01Z-00-DX1.3ADBFF05-92CE-41B5-BD49-CB3CE5B74CC9,True,False,False
TCGA-B6-A0RS-01Z-00-DX1.F72B766D-FC49-4876-A93D-D88B05702267,True,False,False
TCGA-B6-A0RT-01Z-00-DX1.6C2BA663-D61B-404B-B62C-B81747B6A3AC,True,False,False
TCGA-B6-A0WT-01Z-00-DX1.7ED21DA2-A3D8-4DCA-9742-963879A658D8,True,False,False
TCGA-B6-A0WV-01A-01-TS1.5b667d7f-73a8-4345-82aa-ed5dfae38635,True,False,False
TCGA-B6-A0WY-01A-01-MS1.5d7b86cb-96a6-491e-8eee-6fde876a6d20,True,False,False
TCGA-B6-A0WZ-01Z-00-DX1.6CFB236E-36F5-43D6-8DE3-C4ECBD3C14C6,True,False,False
TCGA-B6-A1KC-01Z-00-DX1.4DD3E48B-F434-499F-9FF1-0FFD2883A375,True,False,False
TCGA-B6-A1KF-01Z-00-DX1.2E08E830-4216-4CD0-9646-1F489300E11D,True,False,False
TCGA-B6-A1KI-01A-01-TS1.9e114169-5c22-4ec6-a85f-327bd0b51570,True,False,False
TCGA-B6-A1KN-01A-01-TS1.7afb6289-4697-4540-a377-64740d6bd20d,True,False,False
TCGA-B6-A400-01A-01-TS1.825AC7BC-8A50-49C2-8346-8F39A55D117B,True,False,False
TCGA-B6-A401-01A-01-TS1.C196D55B-479E-4F08-A6BB-C5F8FDA2113E,True,False,False
TCGA-B6-A402-01A-01-TS1.45F6B344-FEE5-4F83-AB34-4F1BA99E445D,True,False,False
TCGA-BH-A0AU-01Z-00-DX1.E852F218-B15C-4CF8-8FD0-F284043834C4,True,False,False
TCGA-BH-A0AV-01Z-00-DX1.5A686DA4-A29D-4BA7-9BCA-B707F8755E83,True,False,False
TCGA-BH-A0AW-01Z-00-DX1.9D50A0D2-B103-411C-831E-8520C3D50173,True,False,False
TCGA-BH-A0AY-01A-02-TSB.06ebda0b-2dd5-4116-9f51-c3a0ad9fb8bb,True,False,False
TCGA-BH-A0B0-01A-02-TSB.0eb990a6-1311-4909-8d86-03ae43a41227,True,False,False
TCGA-BH-A0B1-01A-01-BSA.e42c4f30-d738-4366-9d21-0df264e6de0c,True,False,False
TCGA-BH-A0B3-01A-01-BSA.6e9592e8-196a-40a2-bc46-55dee088bc76,True,False,False
TCGA-BH-A0B4-01A-01-BSA.f2bcfe2d-e385-4d55-989e-9013d4a38230,True,False,False
TCGA-BH-A0B6-01Z-00-DX1.4D982935-F600-4F37-ABB5-13AF74F4FDC4,True,False,False
TCGA-BH-A0B7-01A-01-TSA.c22d40fb-49bd-406f-bb75-83d655889804,True,False,False
TCGA-BH-A0B8-01Z-00-DX1.380ABAE9-EA83-4E9B-BFB2-6476A86C1ADD,True,False,False
TCGA-BH-A0B9-01Z-00-DX1.C23ADB4C-52D4-4DFD-B8E3-156E43F0E645,True,False,False
TCGA-BH-A0BC-01A-02-BSB.a89fb037-eac3-4424-8811-e668088b1481,True,False,False
TCGA-BH-A0BD-01A-01-BSA.660ee152-efee-472b-95d1-1e5723ca1f64,True,False,False
TCGA-BH-A0BF-01A-02-BSB.00d3beec-4e44-4585-a6c0-ec25b8ee3538,True,False,False
TCGA-BH-A0BG-01Z-00-DX1.0838FB7F-8C85-4687-9F70-D136A1063383,True,False,False
TCGA-BH-A0BJ-01A-01-TSA.356876b9-34bb-4958-b932-8dc6022800ff,True,False,False
TCGA-BH-A0BL-01Z-00-DX1.D5A413B0-2141-4A6F-A671-6C5EA8641D25,True,False,False
TCGA-BH-A0BM-01Z-00-DX1.8BD324F2-60F5-4F59-AF2D-533A5FB230BF,True,False,False
TCGA-BH-A0BQ-01Z-00-DX1.F5C6386B-BB2C-49DF-B3B8-6C4B80D060D4,True,False,False
TCGA-BH-A0BR-01A-02-BSB.63ea0e68-49cf-4897-834b-d11519db02ec,True,False,False
TCGA-BH-A0BS-01Z-00-DX1.FEE32127-4D0B-4560-A39C-4EAA5B189B70,True,False,False
TCGA-BH-A0BT-01A-01-TSA.0d7af972-fe18-47c7-b863-2bb47d611f22,True,False,False
TCGA-BH-A0BV-01A-01-TSA.f5f04523-e30b-4204-99f4-0003ceec2724,True,False,False
TCGA-BH-A0BW-01Z-00-DX1.39B0C363-46A2-4FFB-B1C5-C054A86F4A25,True,False,False
TCGA-BH-A0BZ-01A-03-BSC.875682e9-3d99-4189-8ad1-f1e4e4bb7610,True,False,False
TCGA-BH-A0C0-01A-02-TSB.b5d6fdae-cc88-4ded-a599-f778187bdc37,True,False,False
TCGA-BH-A0DD-01A-03-BSC.c1eded57-13d8-48ff-9389-5467a8455fe6,True,False,False
TCGA-BH-A0DE-01Z-00-DX1.64A0340A-8146-48E8-AAF7-4035988B9152,True,False,False
TCGA-BH-A0DG-01A-02-BSB.991bb656-5e82-4698-8618-27c6a0b1616e,True,False,False
TCGA-BH-A0DI-01A-02-TSB.c1a37b06-e872-44b7-9dd2-2b3e2b363076,True,False,False
TCGA-BH-A0DK-01A-02-TSB.50070c5c-59b6-4d86-8eff-aaa38be1ea77,True,False,False
TCGA-BH-A0DO-01B-01-BS1.bf45233b-116a-4b13-87f2-4cc0411c79c8,True,False,False
TCGA-BH-A0DS-01A-01-BSA.6f8197a1-4017-45c3-bba4-6c15da09c091,True,False,False
TCGA-BH-A0DT-01A-02-TSB.059d6dec-9051-4d12-96cc-49bd63ae678e,True,False,False
TCGA-BH-A0DV-01A-02-BSB.391712b1-566f-432f-88d8-44067bfcfc6d,True,False,False
TCGA-BH-A0DX-01Z-00-DX1.45C27E71-9A0A-400E-93A9-5CE7780F3C5E,True,False,False
TCGA-BH-A0E0-01A-01-BSA.b224536e-7d49-421d-a3bb-815fc01556a9,True,False,False
TCGA-BH-A0E1-01A-01-TSA.01da1142-7d58-419d-998b-acd3be403d31,True,False,False
TCGA-BH-A0E2-01Z-00-DX1.5F6FA19C-D59F-45BE-80CE-F738CAB1EF0B,True,False,False
TCGA-BH-A0EA-01A-01-TSA.90154ea1-6b76-4445-870e-d531d6fa1239,True,False,False
TCGA-BH-A0EE-01Z-00-DX1.872EA586-25C8-4835-A138-152DFA1EBF30,True,False,False
TCGA-BH-A0EI-01A-01-BSA.a966fddf-e06b-4beb-847b-62a0e41306f7,True,False,False
TCGA-BH-A0GY-01A-01-TSA.d5301721-b7af-4291-96dd-220436458f10,True,False,False
TCGA-BH-A0GZ-01Z-00-DX1.9AD4F493-A0A9-499D-B667-B33333FC1A51,True,False,False
TCGA-BH-A0H0-01Z-00-DX1.B3B394DD-1F4E-42CA-BB51-C002E423B3D0,True,False,False
TCGA-BH-A0H3-01A-01-MSA.32ba4ab2-1d6a-4927-953f-2801f2d216e6,True,False,False
TCGA-BH-A0H5-01Z-00-DX1.28F24D4D-EE80-4EDA-BC30-A194E22FD61C,True,False,False
TCGA-BH-A0H6-01A-02-BSB.6f0a00c2-87c0-4565-a160-d51955b76cb3,True,False,False
TCGA-BH-A0H7-01A-01-TSA.3a4088bb-e65a-412e-9ac0-2188e424d02d,True,False,False
TCGA-BH-A0H9-01A-01-BSA.1ecefd59-ca14-4b45-a3af-b9c72058ec45,True,False,False
TCGA-BH-A0HA-01Z-00-DX1.5A2F5C86-E1E7-445D-A4E3-29980FA37708,True,False,False
TCGA-BH-A0HF-01A-01-BSA.e917388d-c4db-4345-b7de-172bc1894173,True,False,False
TCGA-BH-A0HI-01Z-00-DX1.89DB9F79-0DCC-4C65-831E-96AE026C2C4E,True,False,False
TCGA-BH-A0HK-01A-01-TSA.baefe9ea-a565-4ec1-92b2-6b62ed9944e3,True,False,False
TCGA-BH-A0HO-01A-01-TSA.927ed714-1749-44c9-bfb1-a55d65671692,True,False,False
TCGA-BH-A0HQ-01A-01-BSA.4d080ff5-e61d-49e5-ae36-697e5b0ba630,True,False,False
TCGA-BH-A0HU-01A-01-TSA.2ff65f66-42b5-40fc-9ce8-d9ab4aa4bea5,True,False,False
TCGA-BH-A0HW-01Z-00-DX1.44DCCE00-133F-4469-A4DA-5057C011B4AC,True,False,False
TCGA-BH-A0HX-01Z-00-DX1.44EBA39E-383D-4820-915E-4E5FDA1D43DA,True,False,False
TCGA-BH-A0HY-01Z-00-DX1.D7A1BF42-F268-4220-B71B-354CE2AF32D8,True,False,False
TCGA-BH-A0W3-01Z-00-DX1.38DCA2B7-1A54-4FFA-BABA-29F80974BB17,True,False,False
TCGA-BH-A0W4-01Z-00-DX1.23E017DC-15CB-4838-AC91-CFB11B932AB0,True,False,False
TCGA-BH-A0W5-01A-01-BSA.f3d54f51-a213-4c52-8eeb-1220f24364e4,True,False,False
TCGA-BH-A0W7-01A-01-BS1.2185822c-9943-42de-8ca0-ae0d61c664e8,True,False,False
TCGA-BH-A18F-01A-01-TSA.04018194-c078-409d-9fcc-6519b9609fb0,True,False,False
TCGA-BH-A18G-01A-01-TSA.a7ff1888-9f8a-4a64-b461-dde8acac284d,True,False,False
TCGA-BH-A18H-01Z-00-DX1.4EC9108F-04C2-4B28-BD74-97A414C9A536,True,False,False
TCGA-BH-A18I-01Z-00-DX1.EE699DE3-EBF4-4AB4-8319-9911F027FA18,True,False,False
TCGA-BH-A18J-01Z-00-DX1.AE20ADB6-050C-405D-BF17-1EE4A1A4979A,True,False,False
TCGA-BH-A18K-01A-01-TSA.a5f7c256-0630-4e98-964e-09352b34a53d,True,False,False
TCGA-BH-A18L-01A-03-TSC.6bf9df68-0928-475d-89d6-2d92223306f7,True,False,False
TCGA-BH-A18M-01Z-00-DX1.56E6935A-62CB-4CBE-BDCA-60DA56422CE0,True,False,False
TCGA-BH-A18N-01A-01-TSA.fa28d892-c8d9-4e85-af22-24c75bb952f9,True,False,False
TCGA-BH-A18P-01A-01-TSA.26d6bd8a-dc3d-4d9f-8e79-3165cb7e73c3,True,False,False
TCGA-BH-A18Q-01A-01-TSA.53679e88-228a-40c4-b82b-742c601e3096,True,False,False
TCGA-BH-A18R-01A-01-TSA.d57b08ae-35a1-40ca-9a74-7ebac8c8cc53,True,False,False
TCGA-BH-A1ES-06A-01-TS1.88993BF7-05AB-4657-A625-C77592D6DC4B,True,False,False
TCGA-BH-A1ET-01Z-00-DX1.05C126CD-CC10-44BF-9A68-6CDDE97272B2,True,False,False
TCGA-BH-A1EV-01Z-00-DX1.106CF220-1D7D-40DD-88B2-A7F00B758F8F,True,False,False
TCGA-BH-A1EW-01A-01-TSA.9b039a90-0f89-4356-a277-2fa293021951,True,False,False
TCGA-BH-A1EX-01A-01-TSA.744ac7ab-1815-4c2c-9d49-26b51cbfe3af,True,False,False
TCGA-BH-A1EY-01A-01-TSA.ccf39db7-4c9d-41a0-a961-b2819792db71,True,False,False
TCGA-BH-A1F0-01Z-00-DX1.E1557A67-230A-4337-AEC8-158258A917FF,True,False,False
TCGA-BH-A1F5-01A-01-TSA.1b252a9c-e4fa-4eb3-bc26-3140c42c4b31,True,False,False
TCGA-BH-A1F6-01Z-00-DX1.E83F0DC0-EA2C-4641-81B0-8702B9C5D579,True,False,False
TCGA-BH-A1F8-01Z-00-DX1.8BB026F7-35CB-483F-B665-4C3A3EF47E1B,True,False,False
TCGA-BH-A1FB-01Z-00-DX1.9D778D1A-07F6-450D-B7AA-0E17B4D0A88C,True,False,False
TCGA-BH-A1FD-01A-01-TSA.5f2d753e-6d27-482c-a216-ffb3a728b743,True,False,False
TCGA-BH-A1FG-01A-01-TSA.4849c9e1-df17-412b-9497-4f598036fc0c,True,False,False
TCGA-BH-A1FH-01A-01-TSA.3b7ff547-372f-4e5c-966e-aa988d623af3,True,False,False
TCGA-BH-A1FJ-01A-01-TSA.676983af-aca4-415d-bf7b-f3de057ccd89,True,False,False
TCGA-BH-A1FL-01A-01-TSA.719d631e-5a72-4b1a-9cc1-5f22c727dfef,True,False,False
TCGA-BH-A1FN-01Z-00-DX1.CEE3C59B-6CF0-4D41-8334-6067BB5A8BF7,True,False,False
TCGA-BH-A201-01Z-00-DX1.6D6E3224-50A0-45A2-B231-EEF27CA7EFD2,True,False,False
TCGA-BH-A204-01A-01-TSA.d4576e96-4fb5-44cd-95bd-9ba9bd5cce83,True,False,False
TCGA-BH-A208-01A-01-TSA.466c1fcd-c0da-4bc2-851a-fd7c17a5a4a1,True,False,False
TCGA-BH-A42V-01Z-00-DX1.B6D78256-05D1-45FA-826A-1B8554D60B7D,True,False,False
TCGA-BH-A5J0-01Z-00-DX1.73CFBC85-8449-48FF-86F8-D4D49A90498B,True,False,False
TCGA-BH-A6R8-01A-02-TSB.0C127098-1764-4555-9588-1D2DE72561A1,True,False,False
TCGA-C8-A12K-01A-02-BSB.465d1f41-48a6-407d-ae97-0a165d199b28,True,False,False
TCGA-C8-A12L-01Z-00-DX1.01863BE4-F4AB-45DE-894A-46544777C519,True,False,False
TCGA-C8-A12N-01A-01-BS1.77929373-2972-4a23-9aef-68e332bf07cb,True,False,False
TCGA-C8-A12O-01A-01-TSA.ba52cd91-3f6c-4507-a6b2-baad00effb08,True,False,False
TCGA-C8-A12P-01A-01-TSA.a635ee87-3392-4ce7-93a3-87fc5680e4e9,True,False,False
TCGA-C8-A12Q-01Z-00-DX1.CE74E5B7-FD30-4CBE-8716-ECCF2213AAC3,True,False,False
TCGA-C8-A12T-01Z-00-DX1.EF628C26-C570-4D15-A0C0-58B2CC40ABFC,True,False,False
TCGA-C8-A12U-01A-01-BSA.7c5796ff-ef35-4ced-8216-254cd8cbc271,True,False,False
TCGA-C8-A12Z-01A-01-BSA.e7ddd80e-4b44-49f3-ac1c-4cf2b061c0a6,True,False,False
TCGA-C8-A130-01A-03-BSC.f362f3af-a66f-4a3b-a3cc-3768a59602f3,True,False,False
TCGA-C8-A131-01A-01-BSA.df5faaa8-e4ac-4a4b-8ef2-ff2063c9ae2f,True,False,False
TCGA-C8-A132-01A-03-BSC.df2e326d-3efd-482a-b719-b78b9be61204,True,False,False
TCGA-C8-A134-01A-01-TSA.76591f60-9e71-495f-beca-e4b91ef3dd68,True,False,False
TCGA-C8-A135-01A-01-BSA.4871792f-d00b-4541-815b-7aaa44c43f94,True,False,False
TCGA-C8-A137-01A-01-TSA.57af3fa1-031f-4417-8f9f-8a4fbc484d91,True,False,False
TCGA-C8-A138-01Z-00-DX1.845A0680-23A4-4A58-A9C4-2EE17BDBD371,True,False,False
TCGA-C8-A1HF-01Z-00-DX1.81EF9A57-54E1-4750-9816-5571FD18A297,True,False,False
TCGA-C8-A1HG-01A-01-TSA.6acb2e7b-9d83-424a-ba81-73c02863eaa4,True,False,False
TCGA-C8-A1HI-01Z-00-DX1.C6D0F8B8-55ED-477F-BAF7-AA05D0449CC8,True,False,False
TCGA-C8-A1HJ-01A-01-TSA.64084e7d-ec1b-43d9-8770-7635f716512f,True,False,False
TCGA-C8-A1HM-01Z-00-DX1.F93C3F56-3AA6-4D38-B51E-4694CBEA3830,True,False,False
TCGA-C8-A1HO-01A-01-TSA.5331126c-9810-4054-9020-e5ff802166b5,True,False,False
TCGA-C8-A26V-01A-01-TSA.6f7b2a1a-a487-4abb-af3b-ae0fe016d832,True,False,False
TCGA-C8-A26W-01A-01-TSA.5870b3d4-a81e-423e-bb93-5897ebc922a3,True,False,False
TCGA-C8-A26X-01Z-00-DX1.FBD86F91-BAD7-4484-8D50-202340FBF242,True,False,False
TCGA-C8-A26Y-01A-01-TSA.a0e88f2c-0f97-4661-b349-0b5317a34be5,True,False,False
TCGA-C8-A26Z-01Z-00-DX1.1A15D951-F3BD-4024-91DD-E7633C09A837,True,False,False
TCGA-C8-A273-01Z-00-DX1.6E5D581F-DF80-478D-82D1-6D6525EED1B5,True,False,False
TCGA-C8-A274-01Z-00-DX1.B667DAB1-C944-4285-A312-5E4DDAE0EE78,True,False,False
TCGA-C8-A275-01A-02-TSB.b15cf752-5b2f-4f2a-9a03-7519bea81732,True,False,False
TCGA-C8-A278-01A-01-TSA.f617a0ab-8b9f-4c15-9bf1-76f9dc0df366,True,False,False
TCGA-C8-A27A-01Z-00-DX1.0E26C46D-CD65-40F3-8976-EB4415582934,True,False,False
TCGA-C8-A27B-01A-01-TSA.b93af347-1b83-4284-afaf-b3c14d8e038b,True,False,False
TCGA-D8-A13Y-01Z-00-DX2.0043D2BB-B04D-4A44-AAB1-1CAAD97AC246,True,False,False
TCGA-D8-A13Z-01A-01-BS1.164d43d3-bb10-423b-8eca-99abc75e8397,True,False,False
TCGA-D8-A140-01A-01-BSA.43fe6a6c-2b93-4af4-bec0-83966e419094,True,False,False
TCGA-D8-A141-01A-01-TS1.c28f136e-972a-4911-9330-26d122161009,True,False,False
TCGA-D8-A142-01A-01-TS1.c9a5ce5f-59a8-4e02-8168-269ec044dbd9,True,False,False
TCGA-D8-A143-01A-01-BSA.0b346101-acfa-429f-a30d-3ed544719c7a,True,False,False
TCGA-D8-A145-01Z-00-DX2.B834BF47-1CD6-45EA-BB88-D8ECE1FDDC6A,True,False,False
TCGA-D8-A146-01Z-00-DX1.D93FB315-E5D7-49BA-8380-38B16B70361B,True,False,False
TCGA-D8-A147-01A-01-BSA.43927f61-3f8f-4e8d-bd52-2ec699dbdc37,True,False,False
TCGA-D8-A1J9-01A-01-TSA.a7772c0a-357e-4d4c-b74c-1c14d13ab744,True,False,False
TCGA-D8-A1JA-01Z-00-DX1.BD43F94A-D5A8-490E-AED4-5F3AB24080FA,True,False,False
TCGA-D8-A1JB-01A-01-TS1.dbe1aadb-8200-4711-9e1b-bb73187c807e,True,False,False
TCGA-D8-A1JC-01Z-00-DX2.854ABF5D-40F1-48AE-802F-97D75497F1FD,True,False,False
TCGA-D8-A1JD-01A-01-TS1.f554d3f0-7483-4cc6-88a1-82ad5a127b15,True,False,False
TCGA-D8-A1JE-01A-01-TSA.97962bb4-8aea-4093-aeba-76fef07d5eb9,True,False,False
TCGA-D8-A1JF-01A-01-TS1.717683b4-e835-445c-9878-9d3f319792ff,True,False,False
TCGA-D8-A1JG-01Z-00-DX1.BA6D5CC7-3A9B-4D17-A86A-B159D345A216,True,False,False
TCGA-D8-A1JH-01Z-00-DX1.4A4F2502-612C-421D-9F64-444BF2C85620,True,False,False
TCGA-D8-A1JI-01A-01-TS1.8f40c380-6de5-4352-9dc5-62a75d9ca763,True,False,False
TCGA-D8-A1JJ-01A-03-TS3.c2c43436-663a-4b07-953c-24b3da2d27f0,True,False,False
TCGA-D8-A1JK-01A-01-TS1.38e6e213-bd48-4c7e-a2e6-7a35d24698fd,True,False,False
TCGA-D8-A1JM-01Z-00-DX1.3CD15BC8-08B3-4BEE-9FD7-A8BEED33268E,True,False,False
TCGA-D8-A1JP-01Z-00-DX1.B02959C4-6AAD-4ACA-9838-61D224D838E4,True,False,False
TCGA-D8-A1JU-01Z-00-DX1.355D93B4-E69E-417C-B3D1-3E1AAF1E02FE,True,False,False
TCGA-D8-A1X5-01Z-00-DX1.81B10B43-0D99-44D0-A245-D652041B8FEE,True,False,False
TCGA-D8-A1X6-01A-01-TS1.a7878d66-8147-4d0b-ad0c-99ebb7831cea,True,False,False
TCGA-D8-A1XB-01A-01-TS1.ef5ac532-0ea5-49cb-b959-4f7463fd9d97,True,False,False
TCGA-D8-A1XD-01Z-00-DX1.E500D561-1F49-4F08-99AE-E8345F21B406,True,False,False
TCGA-D8-A1XF-01Z-00-DX2.1460E522-5B87-4690-8B6B-3183C5D282D6,True,False,False
TCGA-D8-A1XG-01A-01-TS1.aad14db1-a4b7-46df-ab4b-c4c4e827599b,True,False,False
TCGA-D8-A1XK-01Z-00-DX1.41EB1BBC-F230-4E3F-8C4E-CE331CAF1935,True,False,False
TCGA-D8-A1XL-01A-01-TS1.9842f79c-5785-4961-81fe-d1639b1560a6,True,False,False
TCGA-D8-A1XT-01Z-00-DX1.9E4DEEEB-AB0A-45F6-A69B-65B3E6F22D46,True,False,False
TCGA-D8-A1XU-01Z-00-DX1.769DBC38-6F0D-425B-A904-79EBA1C119EF,True,False,False
TCGA-D8-A1XW-01Z-00-DX2.9849E503-BE3E-417C-ABE8-93A39583DDE0,True,False,False
TCGA-D8-A1XY-01A-01-TS1.2e8a6af7-420f-4738-a8e8-0aa5befddff5,True,False,False
TCGA-D8-A1Y0-01A-01-TS1.c38fad63-fb38-482d-b9ad-62de484bfdac,True,False,False
TCGA-D8-A1Y1-01Z-00-DX2.B58DC955-F864-4E78-8B1A-8156E2F7D554,True,False,False
TCGA-D8-A1Y2-01A-01-TS1.9210964e-1f00-4cde-99b2-97662455f1a1,True,False,False
TCGA-D8-A1Y3-01A-01-TS1.a7b0b267-a323-4f17-ba7c-34ccfcf936e4,True,False,False
TCGA-D8-A27F-01A-01-TS1.2e0f4ed4-dfe1-4f68-bd82-8b02f809d00c,True,False,False
TCGA-D8-A27K-01A-01-TS1.b8d6df65-efe5-4317-b903-b93ec05aaa5f,True,False,False
TCGA-D8-A27L-01A-01-TS1.55e3d05f-c91d-4b63-b265-5e4bda1779ce,True,False,False
TCGA-D8-A27M-01Z-00-DX1.3020D223-2400-4A2D-8BFE-08A5B78FE13B,True,False,False
TCGA-D8-A27P-01Z-00-DX1.EF426996-D0DC-4418-BEC4-F7CE3C82C869,True,False,False
TCGA-D8-A27R-01Z-00-DX2.31F47D8F-DFD7-42AE-BBBA-7DBBA12FA97D,True,False,False
TCGA-E2-A105-01A-01-TS1.570c883f-9b64-47a3-9bf6-32dfd9404a9e,True,False,False
TCGA-E2-A106-01A-01-BS1.89dbd8ba-27ae-49d1-9bb1-e60fa13060f9,True,False,False
TCGA-E2-A108-01A-01-BSA.285fd0a0-82be-4775-bce9-85cd5497e382,True,False,False
TCGA-E2-A109-01A-01-BSA.ff981360-4e73-4cbd-bb96-540c7f6bd0ed,True,False,False
TCGA-E2-A10A-01A-02-BSB.79389df7-59f1-427f-80d4-3a959407407e,True,False,False
TCGA-E2-A10B-01Z-00-DX1.148CFC4B-EE65-4A7E-918F-10C72F37CB0F,True,False,False
TCGA-E2-A10C-01A-02-BSB.98829461-a7d3-4e6d-a172-e7c17335c6e2,True,False,False
TCGA-E2-A10E-01A-01-BS1.17e4f40d-9b13-4a81-99f1-1dddbc4c313f,True,False,False
TCGA-E2-A14N-01Z-00-DX1.15F5644F-CA9F-4688-B56E-BCC00CA4769B,True,False,False
TCGA-E2-A14O-01Z-00-DX1.432DB252-35D4-4B02-B0A7-39BF85A38F89,True,False,False
TCGA-E2-A14P-01Z-00-DX1.663B02FF-C64B-41A6-8685-FD61CD76F9C6,True,False,False
TCGA-E2-A14Q-01Z-00-DX1.C19BA7FD-D986-4E3B-9A79-F3531A78F05D,True,False,False
TCGA-E2-A14R-01A-01-TSA.743927ec-2d43-4242-aa8b-c56a0fc83352,True,False,False
TCGA-E2-A14S-01Z-00-DX1.5C332E99-7296-473A-9917-7EFC38A8251D,True,False,False
TCGA-E2-A14T-01A-01-TSA.3e947c63-817a-4b85-8065-30adf00015b5,True,False,False
TCGA-E2-A14W-01Z-00-DX1.2AF665A9-F582-4C41-B2B8-1982648CDEC7,True,False,False
TCGA-E2-A150-01Z-00-DX1.55643D23-83E6-4058-8EA5-18AAA8547839,True,False,False
TCGA-E2-A152-01Z-00-DX1.B0860DEB-D34B-4C5D-97F5-C1C646437424,True,False,False
TCGA-E2-A153-01A-01-TSA.06c28a4f-dd0d-460d-9ee3-086f99e73724,True,False,False
TCGA-E2-A154-01Z-00-DX1.01FC9B1A-8ECD-4467-9EDD-0B02E4AEEF72,True,False,False
TCGA-E2-A158-01Z-00-DX1.994C60FE-E651-4224-95E7-4669834F2338,True,False,False
TCGA-E2-A15A-06A-01-TS1.bc17c613-409e-4308-beae-d7dea1493c10,True,False,False
TCGA-E2-A15C-01A-03-TSC.19c1b196-81cc-46f9-8e36-59e833b6e369,True,False,False
TCGA-E2-A15D-01A-01-TS1.3079ed1e-0fe7-45b1-9ec1-c19c5d0b4df8,True,False,False
TCGA-E2-A15E-01A-01-TSA.2b86c3d9-2b3d-4d2b-9f8f-dfef08275677,True,False,False
TCGA-E2-A15F-01A-01-TS1.ec2c2158-f027-40b9-945e-e081c7b80e46,True,False,False
TCGA-E2-A15I-01A-02-TSB.961e62b4-3906-4076-a261-5b33f151c664,True,False,False
TCGA-E2-A15J-01Z-00-DX1.BF7901D1-30B1-4A76-B0A5-E9B8B36EF4C9,True,False,False
TCGA-E2-A15O-01A-01-TSA.d73d6e37-7450-4a96-9e21-014f78b2e02a,True,False,False
TCGA-E2-A15P-01A-01-TSA.e7932941-750c-4fcc-8520-0d7773912874,True,False,False
TCGA-E2-A15R-01Z-00-DX1.B58D2D9D-05EE-4D66-8DC0-9E5C6AD2E3D3,True,False,False
TCGA-E2-A15S-01A-01-TSA.99332ce7-e3ab-4891-a612-fa51b84869f8,True,False,False
TCGA-E2-A15T-01A-01-TS1.8fb07554-d184-4354-bfb5-c08ad658aac1,True,False,False
TCGA-E2-A1AZ-01Z-00-DX1.FE769F5F-385B-4DCF-819A-735C98D84FA8,True,False,False
TCGA-E2-A1B0-01A-01-TSA.728f0954-4ed3-4d7a-932d-fc250ba11b61,True,False,False
TCGA-E2-A1B1-01A-02-TSB.8d1372de-544d-4c67-9e8f-09bcd33db672,True,False,False
TCGA-E2-A1B4-01Z-00-DX1.E585C4FB-0D3E-4160-8192-53A329648F5C,True,False,False
TCGA-E2-A1B6-01A-03-TSC.f0917d61-c963-42cf-86c7-48b1e70c662d,True,False,False
TCGA-E2-A1BD-01A-01-TSA.240c5cd9-3dad-40fe-82a9-f81214203302,True,False,False
TCGA-E2-A1IE-01A-01-TSA.fe9a2e4e-1c11-45f6-89e8-ee618922dfe9,True,False,False
TCGA-E2-A1IF-01Z-00-DX1.51F5B0AC-E4D6-439D-8168-34934471FA06,True,False,False
TCGA-E2-A1II-01Z-00-DX1.7F782477-0F92-4C57-8735-A1E3F95A6B94,True,False,False
TCGA-E2-A1IK-01Z-00-DX1.25C554BB-AA90-4FF4-9D68-EEC899B8A27D,True,False,False
TCGA-E2-A1IN-01Z-00-DX1.F63F004F-847D-41B0-BAEF-3189D4965838,True,False,False
TCGA-E2-A1IO-01Z-00-DX1.C812D02F-3B40-496B-9EF5-7F68ADE64962,True,False,False
TCGA-E2-A1IU-01Z-00-DX1.E2F24814-24BA-4158-8841-F27A8E100589,True,False,False
TCGA-E2-A1L7-01Z-00-DX1.BE796CD2-2E81-44E8-8CA2-85B4D2A31B64,True,False,False
TCGA-E2-A1LA-01A-01-TS1.f300df8b-2423-47e1-8a95-24048aaeac80,True,False,False
TCGA-E2-A1LE-01A-01-TSA.3D0F1C87-1DDC-4BF0-A586-401299A7286D,True,False,False
TCGA-E2-A1LH-01Z-00-DX1.F85384B7-1EBF-4F57-A45B-4A668B68E535,True,False,False
TCGA-E2-A1LI-01A-01-TS1.fbca9d73-aac9-43ba-82cc-7eb527c4904e,True,False,False
TCGA-E2-A1LL-01A-01-TSA.1d9c8e71-3608-4122-8a5d-ede57403c3b1,True,False,False
TCGA-E2-A56Z-01A-01-TSA.279A5A74-8C88-4520-8117-70FDBB0951E5,True,False,False
TCGA-E2-A570-01A-01-TSA.3BF71DC2-AF5C-400D-BF49-A6A7483481BB,True,False,False
TCGA-E2-A572-01A-01-TSA.58C737CB-AF59-4664-9E55-2097E80A35FA,True,False,False
TCGA-E2-A9RU-01Z-00-DX1.A06BE284-B9DC-4B45-A202-A9D027AEEDD9,True,False,False
TCGA-E9-A1N6-01Z-00-DX1.C0E8FFDC-2614-4DBF-B51E-4646A3919911,True,False,False
TCGA-E9-A1N8-01Z-00-DX1.1243AB1C-75A3-4A5E-9674-53992E6DD377,True,False,False
TCGA-E9-A1ND-01A-01-TSA.602c0689-b15d-4d0c-a76c-13f97b713b4d,True,False,False
TCGA-E9-A1NG-01A-02-TSB.b717018b-f4d3-4b8c-8057-4db7173faa83,True,False,False
TCGA-E9-A1NH-01Z-00-DX1.20FF11B7-DAF0-41C2-B7C5-449BA5268EC0,True,False,False
TCGA-E9-A1QZ-01Z-00-DX1.CDAECCA9-4F09-491F-A975-B775D47E46F0,True,False,False
TCGA-E9-A1R2-01A-01-TSA.08bc6aef-5b96-48e7-81fe-b745374d3946,True,False,False
TCGA-E9-A1R3-01A-03-TSC.d045fde9-4cb4-42ff-883c-ecf520e93a60,True,False,False
TCGA-E9-A1R4-01A-02-TSB.ba1d4e07-3128-48a3-81c6-b3b3b4b961c3,True,False,False
TCGA-E9-A1R7-01Z-00-DX1.af9ff432-440e-44ac-bc33-298f5db9a706,True,False,False
TCGA-E9-A1RA-01Z-00-DX1.E1C527C3-EDF2-442A-80FE-3E3AFBC5EF5A,True,False,False
TCGA-E9-A1RB-01A-01-TSA.a64d4330-5a0f-4cbe-bd5b-e761af3234dd,True,False,False
TCGA-E9-A1RD-01Z-00-DX1.34083668-cbd2-4610-b857-d50ee9f3e5bd,True,False,False
TCGA-E9-A1RE-01A-01-TSA.a7672cd5-758c-4580-9390-26607eb98d7b,True,False,False
TCGA-E9-A1RF-01A-01-TSA.a825bc36-5e7d-4166-9177-e79ee6382097,True,False,False
TCGA-E9-A1RG-01Z-00-DX1.044C235A-75AE-4C7D-AC7F-56C8E64354AA,True,False,False
TCGA-E9-A1RH-01A-02-TSB.03b969da-c200-48e2-bed2-ec2830daf487,True,False,False
TCGA-E9-A226-01A-02-TSB.794150b5-08d4-4a83-82e4-6c8a812bd236,True,False,False
TCGA-E9-A227-01Z-00-DX1.823062BF-3444-489B-AF91-AAD4ECAA1DC7,True,False,False
TCGA-E9-A228-01A-03-TSC.30af8551-b712-4cf0-aa26-f9913d60f879,True,False,False
TCGA-E9-A229-01Z-00-DX1.5B448B88-DA0C-44FF-87B3-20649A4A26FE,True,False,False
TCGA-E9-A22A-01Z-00-DX1.d986c9eb-2c54-4663-a54b-04c0756db6db,True,False,False
TCGA-E9-A22D-01A-01-TSA.1d806ebb-4c31-45ae-898e-139903e04c43,True,False,False
TCGA-E9-A22E-01A-01-TSA.a51a3c5a-7bb6-48b6-a88c-57627566799e,True,False,False
TCGA-E9-A22G-01Z-00-DX1.2b47e321-7910-40ec-ad1c-c4e08ed26334,True,False,False
TCGA-E9-A22H-01A-01-TSA.7fc6358e-8ffd-4967-bb2b-b5fa45a9c66e,True,False,False
TCGA-E9-A243-01A-02-TSB.b22d68b2-c6fd-42d9-96a7-416b2e09ddbe,True,False,False
TCGA-E9-A244-01Z-00-DX1.4FDAA892-9DBF-4E5D-89F3-2A84C8AC8F0A,True,False,False
TCGA-E9-A245-01A-02-TSB.3d29009f-2d36-44d8-8b9e-325b72946d66,True,False,False
TCGA-E9-A247-01Z-00-DX1.3B2DF1CB-054A-44C4-9AD5-D8FA6D386A93,True,False,False
TCGA-E9-A248-01Z-00-DX1.C991932F-39D4-4F2C-91C3-CE12B5BAEDB1,True,False,False
TCGA-E9-A249-01Z-00-DX1.CA244384-FD89-44F6-8F94-A060A4C241CA,True,False,False
TCGA-E9-A24A-01A-01-TSA.5cb875e4-dfee-4764-a3f4-e79c343b7f29,True,False,False
TCGA-EW-A1IZ-01Z-00-DX1.81D5544E-0A7D-4A92-A3B0-4F22CFB8BBB2,True,False,False
TCGA-EW-A1J1-01Z-00-DX1.FFC2D5DB-E6D0-4143-A1E7-0A2027846C8C,True,False,False
TCGA-EW-A1J6-01A-01-TS1.cbeda021-a81c-4a79-a505-f8f0b4cb6620,True,False,False
TCGA-EW-A1OV-01A-01-TSA.9ccd6a13-34e4-4d98-9a18-3e7136ec0a13,True,False,False
TCGA-EW-A1OY-01A-01-TSA.fbfe2eb7-225f-451f-8554-a2001180f142,True,False,False
TCGA-EW-A1P1-01A-03-TSC.8fd02727-ac5a-449b-9cd7-628e3dda1c3c,True,False,False
TCGA-EW-A1P3-01Z-00-DX1.EF69B964-57D6-4F8E-A183-A3022AF6E835,True,False,False
TCGA-EW-A1P5-01A-01-TSA.0fdc58ed-1cbd-4f60-839e-c12e1450e431,True,False,False
TCGA-EW-A1P6-01Z-00-DX1.A8024C26-6336-4858-88FD-5679795899BA,True,False,False
TCGA-EW-A1P8-01A-01-TSA.56d3d7c4-7386-4e5b-9ee0-630a70032b5a,True,False,False
TCGA-EW-A1PB-01Z-00-DX1.B2E9B88F-C371-4821-9B7B-8A63BB120D95,True,False,False
TCGA-EW-A1PC-01B-01-TSA.F9EF618D-C04A-4DD6-A334-AF4DF1F70EF8,True,False,False
TCGA-EW-A1PD-01Z-00-DX1.6F6A0122-A50B-4D00-9A3F-7A2502D44E38,True,False,False
TCGA-EW-A1PF-01A-01-TSA.580b69ef-3776-4444-9361-e85f183b5b57,True,False,False
TCGA-EW-A1PH-01Z-00-DX1.77e0f907-fe59-4dc2-b582-6f10330a9c01,True,False,False
TCGA-EW-A2FR-01Z-00-DX1.FF521BBF-F5BA-4B03-9CA1-101A337F4B45,True,False,False
TCGA-EW-A3U0-01A-01-TSA.28E10343-61CE-416D-92FF-9763AE47C3F2,True,False,False
TCGA-EW-A6S9-01A-02-TS2.C421885C-98C3-45B9-B01B-49779B87922C,True,False,False
TCGA-EW-A6SA-01A-02-TS2.F8EDBB12-CB23-4661-A860-0AFEA6760BEF,True,False,False
TCGA-EW-A6SB-01A-01-TS1.A3AF72E9-5C7A-467B-A0BB-B02CEBDC5B76,True,False,False
TCGA-EW-A6SD-01A-01-TS1.7DCEC4B4-086D-4694-AB4F-9091A8A20205,True,False,False
TCGA-GI-A2C8-01Z-00-DX1.09BD8AC9-645A-4C8B-9B36-77D833BDBA09,True,False,False
TCGA-GI-A2C9-01A-01-TS1.01FAE5C6-F81E-4FD6-A5E1-560AC898857F,True,False,False
TCGA-GM-A2DB-01A-03-TSC.C17D5A0E-AF3D-49D8-8604-C0E1DA70926D,True,False,False
TCGA-GM-A2DC-01A-01-TSA.BAB3B2AC-4C10-4D6E-8556-5F6B81DD7A31,True,False,False
TCGA-GM-A2DD-01A-01-TSA.A6FD944E-FDD8-4D2F-8304-FFD1617F4C8D,True,False,False
TCGA-GM-A2DF-01A-01-TSA.92173C4D-78C6-4213-BE01-673760EF899C,True,False,False
TCGA-GM-A2DH-01A-01-TSA.E3F030AF-39E8-4725-A338-9E93F9E6F79C,True,False,False
TCGA-GM-A2DI-01A-03-TSC.DB9E24D8-2B07-483E-A490-2B64240EFCEE,True,False,False
TCGA-GM-A2DK-01Z-00-DX1.4F81A585-9549-454C-8E15-2E4545795460,True,False,False
TCGA-GM-A2DL-01A-01-TSA.B952C740-284C-458B-A72A-34DDC22B623E,True,False,False
TCGA-GM-A2DM-01Z-00-DX1.652038F4-C370-40EB-A545-51062783C74C,True,False,False
TCGA-GM-A2DN-01Z-00-DX1.593003B0-BA87-486B-B472-D6B85867D54D,True,False,False
TCGA-LD-A7W5-01Z-00-DX1.C9920081-C2FE-461E-AEF8-625D4A95BE2F,True,False,False
TCGA-LD-A9QF-01A-03-TSC.0AFA2BBA-FB74-4AE8-84AD-AE65522E5EC9,True,False,False
TCGA-LL-A442-01Z-00-DX1.9275EDBD-1C89-4AF3-B02B-19F613A4E083,True,False,False
TCGA-LL-A5YN-01A-01-TS1.232C3E59-9085-4003-BA8E-10D7A5BB4E6A,True,False,False
TCGA-LL-A5YO-01Z-00-DX1.B5B6DFDB-1020-41FF-AA50-9C633E17DE5F,True,False,False
TCGA-LL-A5YP-01A-02-TS2.C03716AC-F6CE-4982-9C7B-75688D7C463D,True,False,False
TCGA-LL-A6FR-01A-01-TS1.D3973C8B-51A5-4729-8257-4A4BEAAF8B85,True,False,False
TCGA-LL-A73Y-01Z-00-DX1.50C20931-3AA9-40B4-8A73-56B1976423A8,True,False,False
TCGA-LL-A73Z-01A-01-TSA.5F018F2D-A50F-4670-B99A-9C691EF49FA1,True,False,False
TCGA-LL-A740-01Z-00-DX1.757D94A5-EF0F-4A0E-99A9-8809B66438DA,True,False,False
TCGA-LL-A7T0-01Z-00-DX1.B03BBA63-ACF4-4BCA-9F2B-F631F0C6A25C,True,False,False
TCGA-OL-A5D6-01Z-00-DX1.6B11331B-4A0D-4E13-B054-A5C7A6FC3AAC,True,False,False
TCGA-OL-A5D8-01Z-00-DX1.C0A75731-1DDC-4FAF-A2C5-2E2ECB23DC13,True,False,False
TCGA-OL-A5RV-01A-01-TSA.001D9539-9344-444C-BD29-85B5B0224201,True,False,False
TCGA-OL-A5RW-01A-01-TS1.4A172D57-5F02-4680-8106-81459FC20B26,True,False,False
TCGA-OL-A5RX-01Z-00-DX1.15A0D4F4-2744-4D44-8883-27FF83D9C824,True,False,False
TCGA-OL-A5RY-01Z-00-DX1.AE4E9D74-FC1C-4C1E-AE6D-5DF38899BBA6,True,False,False
TCGA-OL-A5RZ-01A-01-TSA.58A5566D-6342-4BCB-B22E-426DA68338A7,True,False,False
TCGA-OL-A5S0-01Z-00-DX1.49A7AC9D-C186-406C-BA67-2D73DE82E13B,True,False,False
TCGA-OL-A66I-01Z-00-DX1.8CE9DCAB-98D3-4163-94AC-1557D86C1E25,True,False,False
TCGA-OL-A66L-01Z-00-DX1.E01BA275-57A5-49DF-9376-1AD0BDFFF7E2,True,False,False
TCGA-OL-A66O-01A-01-TS1.33A92C45-789F-493B-8D67-26EFB0169A95,True,False,False
TCGA-OL-A66P-01A-01-TS1.239F863A-670C-45FC-ACD9-B38395FC2383,True,False,False
TCGA-OL-A6VO-01Z-00-DX1.291D54D6-EBAF-4622-BD42-97AA5997F014,True,False,False
TCGA-OL-A6VR-01A-03-TSC.4CD184CF-7F28-4878-AC5B-6F3E03ED660A,True,False,False
TCGA-PL-A8LX-01A-02-DX2.84DA8B75-1196-4704-B6B2-C5E7BF645E95,True,False,False
TCGA-PL-A8LY-01A-02-DX2.6F9520F1-3210-4A96-81C2-A14424F650D1,True,False,False
TCGA-S3-A6ZF-01Z-00-DX1.E50205A0-63CA-49DE-8831-2A8916DEF403,True,False,False
TCGA-S3-A6ZH-01A-02-TS2.DCF28540-6410-41AD-8345-1061DF1956FF,True,False,False
TCGA-S3-AA0Z-01A-01-TS1.4DDD6F71-DF24-4B70-A863-9A1163321BBC,True,False,False
TCGA-S3-AA10-01Z-00-DX1.C0468882-0DD8-4FC5-8C2F-E18BE8000F69,True,False,False
TCGA-S3-AA11-01Z-00-DX1.36B83B37-2928-4DB7-A04A-8D511F1183FD,True,False,False
TCGA-S3-AA12-01Z-00-DX1.2A991B9F-E7E6-410B-B0BF-635E3CC40C7E,True,False,False
TCGA-S3-AA14-01Z-00-DX1.000A865F-19E6-4018-9352-BFA54EF0CE31,True,False,False
TCGA-S3-AA15-01Z-00-DX1.A2456A4A-E6E8-4429-8F09-B997AA497BB0,True,False,False
TCGA-S3-AA17-01A-01-TS1.E8CCA5B9-9FB4-4A1B-AE41-8745D4FAFD8B,True,False,False
TCGA-3C-AAAU-01A-01-TS1.2F52DD63-7476-4E85-B7C6-E06092DB6CC1,True,False,False
TCGA-4H-AAAK-01A-01-TS1.E2C90DAA-EEAF-4F0B-9495-B100AA4DC26C,True,False,False
TCGA-5L-AAT0-01Z-00-DX1.5E171263-30BF-4C6B-88A1-E8EA0522A861,True,False,False
TCGA-5L-AAT1-01A-01-TS1.140261A5-268A-4C22-9E3E-066B47697DCB,True,False,False
TCGA-A2-A0CR-01A-01-BSA.EEDC8A56-25C0-4348-B5CD-E91C2CC3411B,True,False,False
TCGA-A2-A0EN-01A-01-BSA.7918d788-f2ab-44cd-8c1d-14659668e34f,True,False,False
TCGA-A2-A0EP-01A-05-TSE.9746AB87-60C5-41FD-BB30-055B8085B344,True,False,False
TCGA-A2-A0ES-01Z-00-DX1.5652EE30-48C1-4EC1-AD77-8C72DFCB9A97,True,False,False
TCGA-A2-A0EW-01Z-00-DX1.F24495CB-63D8-483F-9834-F761E3F16BF0,True,False,False
TCGA-A2-A0EX-01Z-00-DX1.F4C293E9-9BB2-48A1-8080-5F3082E219C5,True,False,False
TCGA-A2-A0SY-01A-03-TSC.19950d5e-98f4-44b2-9f76-0552567e2c9a,True,False,False
TCGA-A2-A0T4-01Z-00-DX1.AC61ED08-2E42-4D4A-BB81-746D3FEBB653,True,False,False
TCGA-A2-A0T6-01Z-00-DX1.207A3883-5B41-40EB-95A1-D64C9610650B,True,False,False
TCGA-A2-A0YD-01Z-00-DX1.B81FF541-F154-4C49-950B-B6CB723369E2,True,False,False
TCGA-A2-A0YK-01A-02-BSB.f0b7203e-5c9c-4039-8e1d-cfc683d53a79,True,False,False
TCGA-A2-A1FV-01Z-00-DX1.F70ACD9A-7819-4296-BD28-4D24BBA8AFF4,True,False,False
TCGA-A2-A25D-01A-01-TSA.f5616a1d-8a54-43a1-ade2-c3e63f8db896,True,False,False
TCGA-A2-A4RW-01A-02-TSB.32243877-C7DF-4FA5-BCA9-031B6E8F085F,True,False,False
TCGA-A2-A4RY-01Z-00-DX1.143E32FC-E10F-4590-9C72-32094B24EF8C,True,False,False
TCGA-A7-A13H-01A-01-MS1.D6BDC38A-8528-46CA-91EE-4069A8CCD1C5,True,False,False
TCGA-A7-A26E-01B-06-BS6.071B5BA3-05A2-46B2-A1D6-80E1F34B33C5,True,False,False
TCGA-A7-A3IZ-01Z-00-DX1.7437130B-DF49-40C8-ABCD-FF9364B9B1B0,True,False,False
TCGA-A7-A3J1-01A-01-TSA.D14A671A-1EF3-4D1D-8253-B2D573FAE447,True,False,False
TCGA-A7-A425-01A-01-TSA.D8ECCE2B-4CC3-4459-8C20-9F21DE0F9241,True,False,False
TCGA-A7-A426-01Z-00-DX1.3058E873-9442-4872-80DA-E8A5B35054D2,True,False,False
TCGA-A7-A4SA-01A-01-TS1.6BABADF3-6C88-40C7-AF2E-C799B22BF428,True,False,False
TCGA-A7-A4SB-01A-02-TSB.C5F241F1-8E0C-46A9-96CF-17AC925C51AC,True,False,False
TCGA-A7-A4SC-01A-01-TS1.039AAA5C-0866-45EF-9FD2-36F9A6AA58AA,True,False,False
TCGA-A7-A5ZX-01Z-00-DX1.A4C651F0-DB8E-4534-84A2-AD875F62209F,True,False,False
TCGA-A8-A09V-01Z-00-DX1.2D6731CA-5712-4EB8-8602-E53301BF4238,True,False,False
TCGA-A8-A09X-01A-01-TS1.d3ba5442-6c1f-4e86-8960-1befbfa026f3,True,False,False
TCGA-A8-A09Z-01Z-00-DX1.D56497BE-5099-4537-9600-60F3213F7BF5,True,False,False
TCGA-A8-A0A1-01Z-00-DX1.CA64E221-E2A8-42B5-B611-25B9FE5FB0B0,True,False,False
TCGA-A8-A0A2-01A-01-TS1.124134ed-c4d2-4a08-937c-1def71bfcc42,True,False,False
TCGA-A8-A0A4-01Z-00-DX1.06C38F98-F34B-49F0-AFB5-7F0086188346,True,False,False
TCGA-A8-A0A6-01A-01-MS1.8a85e02c-6098-4347-be13-b645b860057d,True,False,False
TCGA-A8-A0A7-01A-01-TS1.dfc11237-aff0-442f-8a39-ce81f0d4aeb1,True,False,False
TCGA-AC-A23G-01A-01-TS1.2DB1D885-063E-4BF1-ABA5-B738343A9F4A,True,False,False
TCGA-AC-A2B8-01Z-00-DX1.14F3A9B2-1382-436A-B53C-92FC8495AD48,True,False,False
TCGA-AC-A2FB-01A-01-TS1.36526F45-F01A-4CE1-BD6A-C10BE2CF96B1,True,False,False
TCGA-AC-A2FF-01Z-00-DX1.012DAC86-E05C-44FA-81C2-FE4C754F409C,True,False,False
TCGA-AC-A2FG-01Z-00-DX1.0F13DE40-9F7A-42C6-AB3D-02E8521B690A,True,False,False
TCGA-AC-A2FK-01Z-00-DX1.033F3C27-9860-4EF3-9330-37DE5EC45724,True,False,False
TCGA-AC-A2FM-01A-01-TSA.EB1581FA-06F2-4DBC-B7EC-AD3D3448B3FD,True,False,False
TCGA-AC-A2FO-01Z-00-DX1.46929316-D7ED-4D69-B068-409BFFBCEC4D,True,False,False
TCGA-AC-A2QI-01Z-00-DX1.977549F4-D866-4465-85FB-5C916282A488,True,False,False
TCGA-AC-A3BB-01A-02-TSB.D3B5E14C-97F1-4B49-A5C5-DB8AD007070F,True,False,False
TCGA-AC-A3HN-01A-01-TSA.D9B963D0-367F-4D94-B4CC-9C02FF529CB2,True,False,False
TCGA-AC-A3QP-01Z-00-DX1.4B97E53E-1069-40C5-A062-C988663B37DD,True,False,False
TCGA-AC-A3TM-01Z-00-DX1.4421EE37-A2CC-4638-AC44-9C26CB09FDC1,True,False,False
TCGA-AC-A3W5-01Z-00-DX1.522F702C-776E-45F1-84D3-1648DF04137C,True,False,False
TCGA-AC-A3W6-01A-01-TSA.AF989587-1EF9-48A3-8055-B45BDFDB81FA,True,False,False
TCGA-AC-A3W7-01Z-00-DX1.189BB448-ECBA-4042-8A35-4B787271E8FE,True,False,False
TCGA-AC-A3YI-01A-02-TSB.F2AFA7A9-58C7-4932-BC30-6B0CA5964C11,True,False,False
TCGA-AC-A5XS-01A-01-TS1.A7C7405B-42A2-474E-96A3-F87BA50995AE,True,False,False
TCGA-AC-A62Y-01A-01-TS1.9FC104F6-382F-4E10-A392-10273F7E1F6C,True,False,False
TCGA-AO-A0JJ-01Z-00-DX1.D5B636F5-1B47-4033-9938-9DC8CD48CEE9,True,False,False
TCGA-AO-A1KO-01Z-00-DX1.EEB5E0A0-92B2-42CD-9F7A-00E9250B561F,True,False,False
TCGA-AQ-A7U7-01A-02-TSB.CC7A55C4-13CA-43B5-A623-EABD929C9313,True,False,False
TCGA-AR-A1AK-01A-02-TSB.4cd7ad23-1a24-4289-a684-27e2b5e5e8df,True,False,False
TCGA-AR-A1AL-01A-02-TSB.a5a169e3-b2b7-4a89-95fb-ee01621d32ee,True,False,False
TCGA-AR-A1AM-01A-04-TSD.D770F269-CA14-4E17-B6AA-F2602A37B2F6,True,False,False
TCGA-AR-A1AT-01Z-00-DX1.6ED69002-2CC1-4AD4-9573-B245D7C2D060,True,False,False
TCGA-AR-A24H-01Z-00-DX1.5CFC7E16-3F38-4531-968C-A4E4C9D00659,True,False,False
TCGA-AR-A24T-01A-01-TS1.3af5a9b7-b62c-4cf9-aa78-5671b180e901,True,False,False
TCGA-AR-A2LH-01A-03-TSC.F95ACB2C-4C81-4104-A40D-D4DD52A1CC2F,True,False,False
TCGA-AR-A2LJ-01Z-00-DX1.9D6257FA-2767-4640-9252-9BE18BD9D158,True,False,False
TCGA-AR-A2LK-01Z-00-DX1.FBD59C38-CD4E-4C22-BC74-A57C192A9BBC,True,False,False
TCGA-AR-A2LL-01A-01-TSA.DB96FA2A-150F-4387-9F4A-A3B3861E4746,True,False,False
TCGA-AR-A2LM-01Z-00-DX1.CB64A062-2E35-41F9-97C7-07BB60754799,True,False,False
TCGA-AR-A2LN-01Z-00-DX1.3EF43524-28B8-4326-9356-6BCBC63A1DA8,True,False,False
TCGA-AR-A5QM-01Z-00-DX1.A9017CED-FF57-4090-95B9-94DC91854347,True,False,False
TCGA-AR-A5QN-01Z-00-DX1.BF92AA24-3D44-4FFA-BCC0-CDB934EC3BBC,True,False,False
TCGA-AR-A5QP-01Z-00-DX1.256FDB13-1F81-42DA-AF6E-8A94835550C1,True,False,False
TCGA-B6-A0IE-01A-01-BSA.d904d8fa-4297-40c3-9bf9-a3cc9dc9204e,True,False,False
TCGA-B6-A0IH-01A-01-TSA.19eb9880-689b-4178-a7c7-157e4811951b,True,False,False
TCGA-B6-A0IP-01A-01-TSA.83ca6468-2488-4506-baf7-a53290924fab,True,False,False
TCGA-B6-A0RQ-01Z-00-DX1.68B4F49D-9F81-4501-BC66-0349012077C8,True,False,False
TCGA-B6-A2IU-01A-03-TSC.BB626BA9-ECDE-4EFF-8854-DA1C2A9638EA,True,False,False
TCGA-B6-A40B-01A-01-TS1.5B2B3C90-F8E8-4853-B1F8-1CEE52253550,True,False,False
TCGA-B6-A40C-01A-01-TS1.8B901E88-9348-4988-9F69-C130D7D8E78E,True,False,False
TCGA-BH-A0B5-01A-01-TSA.251b1c6f-62e7-4a8d-afd4-e6dd132948fb,True,False,False
TCGA-BH-A0C1-01B-01-BS1.2fa43733-dfce-4806-99d1-ef0834132ff6,True,False,False
TCGA-BH-A0DP-01A-02-BSB.ad74deb9-5256-4688-9a5c-c4db6be91e67,True,False,False
TCGA-BH-A0E9-01B-01-BSA.a92a2910-0c73-4abb-9c85-b1d1f7d19618,True,False,False
TCGA-BH-A0HP-01Z-00-DX1.F1FF6E88-B2D1-40AA-8373-1714D82E666F,True,False,False
TCGA-BH-A28O-01A-01-MS1.B25C7456-CDA1-4989-97F6-13B9AB7D3688,True,False,False
TCGA-BH-A28Q-01Z-00-DX1.C6D1CA93-6B2A-4722-9270-5D56592D833D,True,False,False
TCGA-BH-A42T-01Z-00-DX1.6E4609B9-BE7E-4CA9-A1C0-A77A7DEFBB2B,True,False,False
TCGA-BH-A42U-01A-01-TSA.E8076E2D-A5D6-4AD1-8ABC-2EE650A0563A,True,False,False
TCGA-BH-A8FY-01A-01-TSA.D4E0E11F-B9FB-4E9D-9F4D-5773A3077F9B,True,False,False
TCGA-BH-A8FZ-01A-01-TSA.832C63ED-F000-4EC6-AD06-7EA7B1BB6A7C,True,False,False
TCGA-BH-A8G0-01A-01-TSA.27CBC599-7861-4307-BEAB-E0FBF50C96F7,True,False,False
TCGA-C8-A3M7-01Z-00-DX1.846C75F1-2E7E-44F7-B21F-C246141558FA,True,False,False
TCGA-C8-A8HR-01Z-00-DX1.8E841CA8-1CE2-4242-AC5A-3247075CF8F4,True,False,False
TCGA-D8-A27G-01A-01-TS1.59dc5ba9-df66-4674-82ba-c791b36adfe9,True,False,False
TCGA-D8-A27I-01Z-00-DX1.ACAE0048-7AF0-41C9-992B-6ACDABF80B1C,True,False,False
TCGA-D8-A27T-01Z-00-DX1.1E3A4D57-9CF2-4EBF-B74D-ADD7BD8CBFA5,True,False,False
TCGA-D8-A27V-01Z-00-DX2.81E4FFDF-7123-4AC3-BE24-A82564A6C34C,True,False,False
TCGA-D8-A3Z5-01Z-00-DX2.6196B9FF-F09E-4D44-873D-E53BFB2BF4E1,True,False,False
TCGA-D8-A3Z6-01Z-00-DX2.19C6AA07-5D58-46CD-91D0-90DD5CC84022,True,False,False
TCGA-D8-A73U-01Z-00-DX2.91F571C8-303C-463D-952C-263FAA5097DF,True,False,False
TCGA-E2-A107-01Z-00-DX1.3BFCCC24-7286-488D-A9E9-98E498AD0767,True,False,False
TCGA-E2-A10F-01A-01-TS1.2e848f27-cde2-4da2-baaf-f4de637f891c,True,False,False
TCGA-E2-A14U-01Z-00-DX1.F788A244-6C96-4CDC-AD9A-157DE951A723,True,False,False
TCGA-E2-A15L-01Z-00-DX1.626032DC-D396-48E7-B888-DFEBCF7102FF,True,False,False
TCGA-E2-A15M-01A-01-TSA.41d14b10-8567-4f43-a5a8-b952d859c70f,True,False,False
TCGA-E2-A1B5-01Z-00-DX1.AB19FF3D-5C42-4D49-ABEA-D2315709B6EA,True,False,False
TCGA-E2-A1IH-01A-01-TSA.99bfdaa7-707e-408e-b285-d5bc61291557,True,False,False
TCGA-E2-A1IJ-01Z-00-DX1.00093877-7B01-42D3-857C-987BC1F604A3,True,False,False
TCGA-E2-A1IL-01Z-00-DX1.46B6AA99-C7CE-4573-B15D-2C56A708B082,True,False,False
TCGA-E2-A1L8-01A-01-TSA.2b88c3e8-d202-4b83-8390-126f33606d7a,True,False,False
TCGA-E2-A1LG-01A-02-TSB.23e175ad-93af-41f1-a8be-c37cc3ee5d47,True,False,False
TCGA-E2-A2P6-01A-01-TS1.C2E6256C-D82D-4370-A97E-DD16E57888E5,True,False,False
TCGA-E2-A3DX-01Z-00-DX1.75094CA2-CE51-4886-A564-BD10043A6E4C,True,False,False
TCGA-E2-A576-01Z-00-DX1.2E045763-7EB0-48F5-8C47-E4B84287D739,True,False,False
TCGA-E9-A1N4-01Z-00-DX1.71c8d4a5-ec99-4012-9fe2-ddb3349ad5bc,True,False,False
TCGA-E9-A295-01A-01-TSA.14a39b7e-5d34-43ea-971c-09a8db7694e8,True,False,False
TCGA-E9-A2JS-01Z-00-DX1.445BA2F8-3A4A-49D2-8D41-4ACFD32F2074,True,False,False
TCGA-E9-A3HO-01A-01-TSA.0158BAA4-4E64-4235-95B0-28EF4F494A06,True,False,False
TCGA-E9-A5FK-01Z-00-DX1.3F002C99-B4CA-4068-A816-EAC370A2E8C4,True,False,False
TCGA-E9-A6HE-01Z-00-DX1.97514DBA-9BC0-4554-9A43-99C48C6B953A,True,False,False
TCGA-EW-A1IW-01Z-00-DX1.0DE87057-951F-4887-A2D5-485736D66E4E,True,False,False
TCGA-EW-A1J2-01A-02-TSB.99b2d68c-e3e5-4e89-ba30-158409bf8430,True,False,False
TCGA-EW-A1J3-01A-01-TSA.fdb88562-3185-43d4-ab9a-3d5a8f4a9edb,True,False,False
TCGA-EW-A1J5-01A-01-TSA.e6a343d8-808e-49ba-8ccd-a9237523f59b,True,False,False
TCGA-EW-A1PG-01A-01-TSA.2e6d10d1-ae2a-4ca4-9f75-e9fe64e32b70,True,False,False
TCGA-EW-A3E8-01Z-00-DX1.E185B2E4-3E16-4C66-90D7-FDB9A14BA00D,True,False,False
TCGA-EW-A423-01Z-00-DX1.31502D62-9C83-4A9C-9682-05A185486EAA,True,False,False
TCGA-EW-A424-01Z-00-DX1.662894F0-31FE-494B-9A9E-7C369AE23D27,True,False,False
TCGA-EW-A6SC-01A-01-TS1.CE729044-526A-43D5-BF00-8A0D393E1FAB,True,False,False
TCGA-GM-A2DO-01A-01-TSA.7DC927D1-16BB-4AE0-91A6-B73CD8F64C53,True,False,False
TCGA-GM-A3NW-01A-02-MSB.18C875E2-C15C-4B47-8AC5-6125F93B9334,True,False,False
TCGA-GM-A3XG-01Z-00-DX1.68FFB600-8573-451F-8100-D11DB091F457,True,False,False
TCGA-GM-A3XN-01Z-00-DX1.49F5C8AC-0328-4BC2-9FE2-E7150B7A42E2,True,False,False
TCGA-GM-A4E0-01A-01-TS1.43B57619-CB29-46C6-BAEA-5064872B4EE7,True,False,False
TCGA-GM-A5PV-01A-01-TS1.108695F7-6C19-41C9-9A63-ABD78088F235,True,False,False
TCGA-GM-A5PX-01A-01-TS1.B6353D86-B0CD-464C-B976-752100D5CAE8,True,False,False
TCGA-HN-A2NL-01Z-00-DX1.C2EAF378-4B37-4C1C-BB0F-18FAC62EEC13,True,False,False
TCGA-JL-A3YW-01Z-00-DX1.827C5C53-9C30-4307-802A-5A7896828A7F,True,False,False
TCGA-JL-A3YX-01Z-00-DX1.0FE8F389-F79A-4CF8-A83C-420380A02552,True,False,False
TCGA-LD-A66U-01Z-00-DX1.AEC25C62-0519-47ED-A85B-2A964BA2BA87,True,False,False
TCGA-LL-A440-01A-01-TSA.7F50766F-CBFA-40A8-8B9D-3F8CFE42210C,True,False,False
TCGA-LL-A50Y-01A-01-TSA.8145CD98-EA4C-477D-81F9-02E019291CF6,True,False,False
TCGA-LL-A5YL-01A-01-TS1.FC54A71A-76C6-4C15-BBD2-5BDC859BA356,True,False,False
TCGA-LL-A6FP-01A-01-TS1.E618EA84-C425-4B27-BCCA-E1BE93873F0D,True,False,False
TCGA-OK-A5Q2-01A-01-TS1.CD793FD1-91E9-4BEC-889E-5DCD966DC18B,True,False,False
TCGA-OL-A5DA-01Z-00-DX1.1B1E9CC4-7B42-43BB-A1D7-A26F1D1F8557,True,False,False
TCGA-OL-A66J-01A-01-TSA.E4BF378D-1355-4CA2-B0A5-B6C2290EBFCE,True,False,False
TCGA-OL-A66K-01Z-00-DX1.C1DC85F1-4FAE-4411-9886-11DCB5E70CC3,True,False,False
TCGA-OL-A66N-01A-01-TS1.8F8FAEAF-59E9-499D-90AC-B8EA03D3252F,True,False,False
TCGA-OL-A6VQ-01A-01-TSA.0CD11145-841A-4FE3-BACB-C014D4782C9E,True,False,False
TCGA-PE-A5DC-01A-01-TS1.025C5684-F580-4622-877A-B7E9EC383E0F,True,False,False
TCGA-PE-A5DD-01Z-00-DX1.E1EF11EC-B87B-49DE-A544-2E162F9AE789,True,False,False
TCGA-S3-A6ZG-01Z-00-DX1.659A0BFB-D99B-474F-B4C2-6590C9161BD1,True,False,False
TCGA-W8-A86G-01A-02-TS2.9B16125F-3F55-4059-98AB-AC9F91DD1FC7,True,False,False
TCGA-WT-AB44-01A-01-TS1.B6C0EEDB-E5B9-4B0D-8599-23879A0419EB,True,False,False
TCGA-XX-A899-01A-01-TS1.2DDFDCB0-BA90-4AFD-BF9A-A7B956B581FE,True,False,False
TCGA-Z7-A8R5-01Z-00-DX1.3BDB407F-514C-4131-B058-FA1E69154276,True,False,False
TCGA-A8-A09G-01A-02-BS2.e110bb6c-7c19-4ace-9507-14ef5714a74d,False,True,False
TCGA-AR-A24Q-01Z-00-DX1.69DC7E35-DC0D-4F20-88DA-04C25F28628C,False,True,False
TCGA-A2-A0EY-01A-01-TSA.b3cf2e58-b037-4496-b85e-6fefe2d42e01,False,True,False
TCGA-AN-A0AK-01A-02-BSB.dba44992-1534-4664-b57d-c41a1b03228d,False,True,False
TCGA-AC-A23E-01A-01-TSA.e43478f1-47e9-4b9c-8506-1978e481de57,False,True,False
TCGA-A7-A0CH-01Z-00-DX2.81DDF423-FCA8-46CA-83A4-2E80B611844D,False,True,False
TCGA-C8-A1HN-01Z-00-DX1.7EBBEAB1-EBB7-456F-8848-AFE2263242B7,False,True,False
TCGA-A8-A079-01A-02-BS2.af4b2721-1e8c-4b61-b03f-1a50c2366832,False,True,False
TCGA-B6-A0IG-01A-01-TSA.be7443fb-bfd6-4ba9-9372-d8f7446071fb,False,True,False
TCGA-B6-A0RG-01A-01-BS1.152d245b-c2d3-4d0e-803d-f0eb76273116,False,True,False
TCGA-BH-A0AZ-01Z-00-DX1.E20051E8-DEEF-48E5-B519-40777DDBC96B,False,True,False
TCGA-BH-A18U-01Z-00-DX1.63940315-59BC-462B-87A8-2BBB33C9503E,False,True,False
TCGA-A2-A0ER-01Z-00-DX1.18123C1B-A0CC-4957-9373-5FFAB985C2E8,False,True,False
TCGA-LL-A7SZ-01Z-00-DX1.4DAF6421-6A1D-41C8-BFD6-859FE10CB8CC,False,True,False
TCGA-A2-A3XS-01A-01-TS1.AFFAE37C-A13F-45C6-A323-025B310C46E0,False,True,False
TCGA-AR-A0TP-01A-01-BSA.c952677d-24c0-4687-ba57-1f812fc51e91,False,True,False
TCGA-C8-A12V-01Z-00-DX1.84B29360-B87B-4648-A697-B6610336C2BB,False,True,False
TCGA-A8-A07O-01A-01-TS1.19908799-8b6d-43fb-8555-2db3071f0d31,False,True,False
TCGA-AR-A0U2-01A-01-TSA.cb8df340-904c-4ff0-ac21-6f96d7c52d11,False,True,False
TCGA-BH-A0RX-01A-02-TSB.9d6461a0-f41d-4071-aec3-a7df740609b4,False,True,False
TCGA-BH-A0DZ-01A-01-BSA.96d9efe6-e56c-4a00-b312-9af5d2913fd9,False,True,False
TCGA-PL-A8LZ-01A-02-DX2.E2697718-12E1-4D7C-9ED8-0A71C6D855B8,False,True,False
TCGA-BH-A1FU-01Z-00-DX1.3D195750-8C9E-48C6-92EC-44AC6AB56267,False,True,False
TCGA-AN-A0FL-01A-01-TSA.a9270e98-40e9-45f5-935a-681708f170c9,False,True,False
TCGA-E2-A14X-01Z-00-DX1.24ADDA43-F127-4A6B-9AAD-2FAD982A853D,False,True,False
TCGA-BH-A0E6-01A-01-BSA.8156d307-3bf6-4d24-ad6c-9d0a8cc2a504,False,True,False
TCGA-B6-A0X7-01Z-00-DX1.A2AA8FE9-CF43-434A-AE72-7277D124BD0A,False,True,False
TCGA-D8-A1J8-01Z-00-DX2.5DCB3447-548D-442C-86B1-CEF79B8689DF,False,True,False
TCGA-B6-A0WW-01A-01-TS1.0b847cf2-8c5e-4f79-91c4-2781eaa137f9,False,True,False
TCGA-BH-A0HN-01A-01-BSA.48a0a442-ee9e-463a-baff-2848408cdeb0,False,True,False
TCGA-AR-A1AX-01A-01-TSA.e03239a3-c62c-4c9d-bb14-df0d8e6cc2dd,False,True,False
TCGA-LL-A8F5-01A-01-TS1.B5357CA4-8C24-4F27-9054-06B801C3D8DF,False,True,False
TCGA-V7-A7HQ-01A-01-TS1.C4700F73-F50C-4E8C-8C2E-909A914A9413,False,True,False
TCGA-A8-A086-01A-01-TSA.a432a95f-5863-4ad9-a2eb-7f986c62e096,False,True,False
TCGA-B6-A0I1-01A-01-TSA.95CA1DC3-0B4A-48E0-806F-841FEF39F941,False,True,False
TCGA-BH-A203-01A-01-TSA.c83f057a-ef0b-48fc-b208-0aea3646af34,False,True,False
TCGA-A8-A092-01A-01-BS1.32f105e4-98d4-424c-a3d5-b103a6e7bc20,False,True,False
TCGA-A8-A07Z-01A-01-TS1.3f1c6bb6-4c45-41ab-96cd-8b9003751009,False,True,False
TCGA-A2-A0CP-01A-01-TSA.0e422cec-f6cb-44b0-a386-d0e862300b90,False,True,False
TCGA-A2-A1FZ-01A-05-TSE.92edfd43-6c1e-4b2c-851e-e0968ad67036,False,True,False
TCGA-AQ-A1H3-01A-03-TSC.2b86ba40-96c3-4d04-8e4b-18a547b5c9df,False,True,False
TCGA-A8-A07U-01A-01-TS1.f7ef0926-a88e-4ad1-88a4-2369a3b8e5dd,False,True,False
TCGA-A8-A08S-01A-01-BS1.9e9cf174-2338-4507-b5cd-a76dc2a138cc,False,True,False
TCGA-BH-A1FE-06A-01-TSA.5B9D58FA-F6DF-44B9-8AD1-078FDA8341D2,False,True,False
TCGA-A8-A090-01A-01-TS1.6fd65ca8-2e04-4f0b-902a-070cd65c2d93,False,True,False
TCGA-A7-A13F-01Z-00-DX2.8CC23BAD-B3CC-4BBC-832A-A3879D6EF62D,False,True,False
TCGA-BH-A18V-01A-01-TSA.c53853f8-5b57-4695-9d13-58cfd0d5819b,False,True,False
TCGA-A2-A0EU-01A-02-TSB.648d1299-d273-4ae2-8926-cfad39ff735a,False,True,False
TCGA-A1-A0SF-01A-01-TSA.76e0b1d7-e95b-4c5e-8f53-b62d2700da2e,False,True,False
TCGA-AR-A24L-01Z-00-DX1.218A0AE1-D070-4A16-A277-31185F10724D,False,True,False
TCGA-AO-A0J2-01Z-00-DX1.7C9FEC7B-6040-4C58-9563-D10C0D7AC72E,False,True,False
TCGA-BH-A0BP-01A-01-TSA.7af1ff04-abb7-4c36-9316-8596f2053824,False,True,False
TCGA-A1-A0SJ-01Z-00-DX1.C196FA66-C376-4016-86BC-3D8E745B3A51,False,True,False
TCGA-C8-A1HK-01Z-00-DX1.A15F452B-1260-4106-86D1-05F00082F0CE,False,True,False
TCGA-WT-AB41-01Z-00-DX1.75BDFDF2-CD87-46D1-B32C-725741CB02BE,False,True,False
TCGA-AN-A0FW-01A-01-BSA.9f4517b2-d96c-44e4-8b06-2ed4af594385,False,True,False
TCGA-EW-A1PA-01Z-00-DX1.03B033F8-62C0-49E1-BDEA-C5217AB3460A,False,True,False
TCGA-AN-A0FN-01A-01-TSA.5e51ca3f-3547-4a4e-9dfe-d1d0e32a60b9,False,True,False
TCGA-OL-A5RU-01A-01-TSA.EADD3E6A-8614-4BE9-B061-66E57EDD1781,False,True,False
TCGA-A1-A0SD-01A-01-BS1.24ae9ce9-ef51-4cef-a095-1681d4bdd2fb,False,True,False
TCGA-BH-A202-01Z-00-DX1.8CECDB74-5E6F-4CE8-B52C-A89E574F38FB,False,True,False
TCGA-BH-A0EB-01A-01-BSA.f2664782-5c6a-4693-8f9c-aa963b38e605,False,True,False
TCGA-E2-A574-01A-01-TSA.EE331433-5ED0-495C-8704-E7D8C73DA803,False,True,False
TCGA-C8-A1HE-01Z-00-DX1.83A5D816-E3A6-46B8-B1B8-B31486EB686E,False,True,False
TCGA-AR-A1AO-01A-01-TSA.b77b7b53-7cf8-4ea5-b705-c041ca6e16a7,False,True,False
TCGA-B6-A0X1-01A-01-BSA.36508b6e-a0fc-4492-a094-eb2b438156a8,False,True,False
TCGA-E2-A155-01Z-00-DX1.A5AF232A-61BB-4FDC-ABF9-2FE9BA461BDC,False,True,False
TCGA-A1-A0SH-01Z-00-DX1.90E71B08-E1D9-4FC2-85AC-062E56DDF17C,False,True,False
TCGA-A2-A0CQ-01A-02-BSB.3aff800d-8a96-4675-9be3-a77666fbf078,False,True,False
TCGA-E2-A14V-01A-01-TSA.97141a78-1272-4533-ab86-d787c86baf4b,False,True,False
TCGA-E2-A1LB-01Z-00-DX1.B4AFDB08-BA09-4F6E-806E-4054B790AB8E,False,True,False
TCGA-A8-A08T-01A-02-BS2.f401c61c-3713-4bb9-a709-71423c478c8b,False,True,False
TCGA-UL-AAZ6-01Z-00-DX1.0488628B-C06B-4A1D-9198-EC29D0BACF6E,False,True,False
TCGA-LL-A6FQ-01Z-00-DX1.D4FEEC16-FC67-4C4A-A4B1-F8BA34ECBCBD,False,True,False
TCGA-AN-A0XO-01A-01-TS1.6e8b38be-08e3-4ed7-b742-144ad89f83ed,False,True,False
TCGA-A7-A6VW-01Z-00-DX1.1BC4790C-DB45-4A3D-9C97-92C92C03FF60,False,True,False
TCGA-A2-A04Q-01A-02-MSB.f56f62ee-cf1d-4084-948e-652b81bbbf0f,False,True,False
TCGA-E9-A2JT-01Z-00-DX1.49C2B936-3B1A-4014-8B43-26D483DEF53A,False,True,False
TCGA-AC-A8OS-01Z-00-DX1.3FD44846-8BD2-4A7A-9A87-8D3D29C25F60,False,True,False
TCGA-D8-A1XO-01Z-00-DX1.A9EF6AFF-62B0-4E2D-ABC7-DC06FF473890,False,True,False
TCGA-XX-A89A-01Z-00-DX1.671E2AD6-4D1A-4579-88C1-5B0B15818126,False,True,False
TCGA-D8-A1X8-01A-01-TS1.782592a4-a9aa-4f61-b544-68c54aa78a7f,False,True,False
TCGA-AO-A0J9-01Z-00-DX1.E37C342B-9B6A-4BEE-B064-A82C3579CC66,False,True,False
TCGA-AR-A2LQ-01Z-00-DX1.2F579E62-69A8-40F4-A516-542C7C808628,False,True,False
TCGA-PE-A5DE-01Z-00-DX1.88B354F2-5485-44AA-A057-89E40B988F69,False,True,False
TCGA-AR-A2LO-01A-03-TSC.62917FFC-65A4-46A2-AED6-1E9B368023E2,False,True,False
TCGA-MS-A51U-01A-03-TSC.F21253C2-5C95-4070-8A96-7A0DEA9EF563,False,True,False
TCGA-AO-A1KS-01A-01-TSA.45cfd1b6-e36a-4262-889a-e8540d9244f0,False,True,False
TCGA-C8-A3M8-01Z-00-DX1.97AC85E0-6281-4F2E-8034-24AD5F52D5A6,False,True,False
TCGA-AO-A12E-01A-01-BSA.9b55ad59-32de-4238-9958-b54e3a43eb2e,False,True,False
TCGA-AC-A3TN-01Z-00-DX1.F00E81C7-0CA2-49E8-A30F-DE423538E93C,False,True,False
TCGA-A2-A25A-01Z-00-DX1.6D311E39-9F96-4775-B9DA-8D034D1AD1DC,False,True,False
TCGA-LQ-A4E4-01A-01-TSA.5A2B4B62-4AD7-48F1-AF47-3CC66305AE3B,False,True,False
TCGA-A2-A0CK-01A-01-BSA.B3E07E98-6D91-4689-BE68-83043CA49FC3,False,True,False
TCGA-D8-A1JN-01Z-00-DX1.3B02989C-CEA0-4EDD-A6DC-21C3A957C640,False,True,False
TCGA-GM-A3NY-01Z-00-DX1.BEED8B8F-5A1B-4CE2-BB5D-A7ED40551AE4,False,True,False
TCGA-A8-A0AB-01Z-00-DX1.103ED338-A0F9-403B-A10C-49840BD60EB8,False,True,False
TCGA-AN-A0XV-01A-01-BS1.201534ca-5d66-4801-b552-b55fba346e62,False,False,True
TCGA-E2-A1L9-01A-01-TS1.2d977c38-3f65-4898-b817-e30c041167bf,False,False,True
TCGA-A8-A09K-01A-01-MS1.9dbe0a3e-7e8d-46f8-9819-6d130fb03459,False,False,True
TCGA-D8-A27N-01A-01-TS1.f4371b61-6f8f-48c6-9493-d9c96402634f,False,False,True
TCGA-A2-A0YT-01Z-00-DX1.63CA3E36-B3E4-4D3F-9F80-2703970DBE5B,False,False,True
TCGA-AQ-A54N-01A-01-TS1.99108B68-B143-43A7-8411-2504D24EA0FA,False,False,True
TCGA-GM-A2DA-01A-01-TS1.ACA772B5-EF8F-4E5E-8AFE-EDD6CD676884,False,False,True
TCGA-A8-A085-01A-01-BS1.6119b721-29a2-4fbc-ac0b-1091877a8b29,False,False,True
TCGA-B6-A0IQ-01A-01-BSA.cef99d47-96e6-4c8c-bb01-9b94425206af,False,False,True
TCGA-B6-A409-01A-01-TS1.02A10D0A-2B31-4165-94E3-4E6CA784A092,False,False,True
TCGA-A7-A6VV-01Z-00-DX2.4C2BF8C1-CC84-4A6E-BC0F-430BC8BE6B26,False,False,True
TCGA-A2-A0CY-01Z-00-DX1.8815F011-317B-4BB7-A48F-64EABD0E558B,False,False,True
TCGA-E2-A156-01Z-00-DX1.CEF32B4D-A676-4230-992D-45A046E4043A,False,False,True
TCGA-E2-A1IG-01A-01-TSA.acb89b9b-84e6-4d43-9bb4-9dadb9a4bded,False,False,True
TCGA-BH-A0HB-01Z-00-DX1.F90F7139-B804-4548-9FAF-9B475BF225EB,False,False,True
TCGA-B6-A0RH-01Z-00-DX1.33DB5CF9-AC87-435B-A8AF-C4F84BEF15F1,False,False,True
TCGA-LL-A441-01Z-00-DX1.33B13078-BB14-4C42-88A6-7460AD2BCD00,False,False,True
TCGA-E2-A14Y-01A-02-TSB.57b8ab8a-d0b6-419a-8363-edbb7aab4bff,False,False,True
TCGA-BH-A0E7-01Z-00-DX1.7FEE54C4-3795-403C-85B9-FF932BE56788,False,False,True
TCGA-B6-A0I6-01Z-00-DX1.D597D207-BEB2-4CE5-B315-FE7AD6E9C30B,False,False,True
TCGA-D8-A1XA-01Z-00-DX1.36A807F0-2D35-4CE3-8A27-CC59181B1A3D,False,False,True
TCGA-A1-A0SM-01Z-00-DX1.AD503DBD-4D93-4476-B467-F091254FDF78,False,False,True
TCGA-D8-A1XZ-01Z-00-DX2.73D59546-C003-4DED-80D5-866E7055EC79,False,False,True
TCGA-E2-A15K-01A-01-TS1.097d2dde-b4e2-42fb-ac84-9556f0531d72,False,False,True
TCGA-B6-A0WS-01Z-00-DX1.020ED7BF-9497-4F13-AA07-FE0E839F9A06,False,False,True
TCGA-A7-A0DB-01Z-00-DX2.6C6A5F9C-294F-4A86-A0F1-B68D4729B535,False,False,True
TCGA-B6-A0X5-01Z-00-DX1.02A9FF1E-EA20-4F2D-A2BB-427A287DE3FD,False,False,True
TCGA-A2-A0D1-01A-01-MSA.3bc9e5b7-75ab-4eea-8c50-7f67dd11b2c7,False,False,True
TCGA-BH-A0BO-01Z-00-DX1.1A704471-FEB3-40F9-9838-3E347A18285F,False,False,True
TCGA-OL-A5D7-01A-01-TS1.7E18BE03-E64D-4030-8352-5F90731999C6,False,False,True
TCGA-AR-A0U1-01Z-00-DX1.276433E7-E841-42D2-AF21-762F2FEA3B9B,False,False,True
TCGA-BH-A1FM-01Z-00-DX1.860C5169-FE2B-43A6-A13D-E736374303DD,False,False,True
TCGA-C8-A12M-01A-01-TSA.67d655a2-1838-4590-b72f-9853dc06d757,False,False,True
TCGA-D8-A27H-01Z-00-DX1.BE9DFDD4-97C5-4327-B1DA-4B34A6F267C5,False,False,True
TCGA-AR-A0TY-01Z-00-DX1.089EB6B4-9921-441D-84F3-C64C97AFC3B4,False,False,True
TCGA-D8-A1XQ-01A-01-TS1.a7c4604a-05c3-4555-b660-d83912152d7d,False,False,True
TCGA-A8-A07L-01Z-00-DX1.D9E1051F-724E-4E88-940A-C97005DC5BEB,False,False,True
TCGA-D8-A1JL-01Z-00-DX1.FE3F0C6B-F98A-4036-BF9A-25A8CC66B1FD,False,False,True
TCGA-EW-A1P7-01Z-00-DX1.97575C9F-C318-45A5-A4B7-1A902B93FA3F,False,False,True
TCGA-AN-A0G0-01A-01-BS1.1b064e65-a34a-472d-af40-17029cb2e05d,False,False,True
TCGA-E2-A573-01A-01-TS1.E5F5ABA4-595A-41C0-B686-A96DA9901AED,False,False,True
TCGA-GM-A3XL-01Z-00-DX1.CCE8AA1D-9194-4E49-9546-DBF25A35847C,False,False,True
TCGA-A8-A09B-01Z-00-DX1.97CCDA89-AB73-4F05-A900-668160227B78,False,False,True
TCGA-AC-A7VB-01A-01-TS1.E9E70973-2C6B-4EF4-92C2-39B6E9FAE0AF,False,False,True
TCGA-UU-A93S-01A-02-TSB.B831443D-9BE6-43E0-941D-3881CBC80A78,False,False,True
TCGA-E9-A1R6-01A-01-TSA.30cf6e30-ff99-4945-81aa-71aa59106098,False,False,True
TCGA-BH-A0DQ-01A-01-MSA.3e981cdd-f9e6-454a-9746-16e29a072b17,False,False,True
TCGA-BH-A1EN-01A-01-TS1.9dfc5f3d-6c6c-49ef-bba9-83187471cf26,False,False,True
TCGA-A8-A08X-01A-01-BS1.e4d6c832-f42b-4a1d-8a98-4fbdb3ce0e2a,False,False,True
TCGA-E2-A1L6-01Z-00-DX1.AFE87067-2BFD-42C2-9334-9DDE8AB61B49,False,False,True
TCGA-A7-A6VY-01Z-00-DX1.38D4EBD7-40B0-4EE3-960A-1F00E8F83ADB,False,False,True
TCGA-EW-A2FS-01Z-00-DX1.A01C9183-2AC8-456A-B5A6-85C5BB0361D8,False,False,True
TCGA-C8-A12Y-01Z-00-DX1.A15CB3E2-E145-4C75-8FEA-1DD503CD7C20,False,False,True
TCGA-E2-A14Z-01A-01-TS1.d497c151-5df1-45c7-b712-75533a6ef412,False,False,True
TCGA-BH-A0C7-01B-01-TSA.deec957f-1264-4169-945e-24d4bd1988cd,False,False,True
TCGA-D8-A1X9-01A-01-TS1.5e0a9a6f-7590-4912-be93-23dac19f12f0,False,False,True
TCGA-E9-A1R5-01Z-00-DX1.b870d5eb-6259-4b49-86e4-569a9e32ecd5,False,False,True
TCGA-GM-A2D9-01A-01-TS1.640CA05F-D91E-406B-BFD4-B04441C9C811,False,False,True
TCGA-AN-A0XT-01A-01-BSA.25304183-65ab-4653-88f2-02589fcae9e2,False,False,True
TCGA-D8-A1XM-01A-02-TS2.3863ab4d-f89c-4a1c-8965-ff12b9c8dc4b,False,False,True
TCGA-E2-A15H-01A-01-TSA.6ba57309-1e15-4a84-98ad-5e8f02688a96,False,False,True
TCGA-EW-A1OZ-01A-01-TSA.5b179149-f5d2-4b79-8988-5c2fc2268cdc,False,False,True
TCGA-E2-A1LS-01Z-00-DX1.9a43a58a-df40-4375-8456-ef0071bc9eb9,False,False,True
TCGA-D8-A1XR-01A-01-TS1.087d05ee-9a03-4433-9060-98a80832867a,False,False,True
TCGA-BH-A0DH-01A-01-TSA.65c5c88c-2eab-4c9d-adfa-4de61c284c55,False,False,True
TCGA-AO-A0JI-01A-02-TSB.ee965449-b604-4626-83d4-e0b36bb79d9e,False,False,True
TCGA-BH-A5IZ-01Z-00-DX1.6C871030-82E1-463E-A67B-976A5F3DCDB2,False,False,True
TCGA-AC-A62V-01Z-00-DX1.2D8994FD-58B8-43C1-B99D-AA964E7DFD60,False,False,True
TCGA-C8-A12W-01A-01-BSA.16af5fbe-7bcf-4274-8762-e255595462f6,False,False,True
TCGA-BH-A1EU-01A-01-TSA.ce198ff0-3faf-4c61-b810-eac6d14f9a28,False,False,True
TCGA-AR-A1AJ-01A-02-TSB.cf9b042b-0dc7-4cce-a78c-3cd3616a31ec,False,False,True
TCGA-B6-A0X4-01A-01-MS1.8d33e25d-b7e0-475f-b4c9-9e75e8ac2aa8,False,False,True
TCGA-A7-A0DC-01B-04-BS4.7F68E084-12C4-4591-AD2C-8DADE9DF09F1,False,False,True
TCGA-BH-A18T-01Z-00-DX1.90123A74-F631-4538-AB2E-4076486ADF88,False,False,True
TCGA-EW-A1IY-01A-01-TSA.2f6f198d-844c-442d-9569-ddf88cd38642,False,False,True
TCGA-E9-A1R0-01Z-00-DX1.187C58EA-132E-4B3C-BAD0-7F59101D5C4D,False,False,True
TCGA-E2-A159-01A-01-TSA.257b9eec-d799-4545-bae4-b279258bba63,False,False,True
TCGA-A8-A09T-01A-01-BS1.ea346b92-4ab8-40b7-a058-681a2a269463,False,False,True
TCGA-BH-AB28-01A-03-TSC.7D127A8E-15E8-46A4-9AE3-745856817482,False,False,True
TCGA-A2-A3KC-01A-01-TSA.7390B45C-AB94-4000-B177-A39D64BC275C,False,False,True
TCGA-D8-A4Z1-01A-02-TS2.8713DF53-D04B-41D2-B9BB-3B1D31B1738E,False,False,True
TCGA-AC-A4ZE-01Z-00-DX1.A9BB4DBC-4314-4A77-AA1C-0882DBC370F1,False,False,True
TCGA-AO-A0J8-01A-02-BSB.74af0d3a-ced8-495f-b765-bcaf313e3f08,False,False,True
TCGA-A2-A0CO-01Z-00-DX1.B191DADE-7DEA-4575-AED7-1C52BE15B8D5,False,False,True
TCGA-A2-A0YL-01Z-00-DX1.69A438C7-B1E0-4990-B1E6-586C551DC79C,False,False,True
TCGA-E9-A3X8-01A-03-TSC.D9965DD3-EB24-4914-9756-AF1230349DC6,False,False,True
TCGA-AR-A2LE-01A-01-TSA.29D5EDD5-A17C-4918-A565-64335796984C,False,False,True
TCGA-E2-A2P5-01Z-00-DX1.375B5E5D-D8D0-425C-9163-6DF26E31BBE1,False,False,True
TCGA-AC-A3OD-01A-01-TS1.4915B413-202C-4D3E-A360-E1142F365438,False,False,True
TCGA-HN-A2OB-01Z-00-DX1.14F1FBFB-4540-43CE-9D79-5BC628640424,False,False,True
TCGA-E9-A3Q9-01A-01-TSA.664B1192-F5B9-456E-B51A-65081BB0138F,False,False,True
TCGA-LL-A9Q3-01A-01-TS1.14764858-8E95-4E6C-8D97-0DA3C8C5D925,False,False,True
TCGA-BH-A2L8-01Z-00-DX1.ACA51CA9-3C38-48A6-B4A9-C12FFAB9AB56,False,False,True
TCGA-E9-A54Y-01A-01-TSA.7EF6FC52-B788-4ACD-B92A-A59BE4F11BDD,False,False,True
TCGA-AC-A3QQ-01A-01-TS1.8A75F323-1E81-4A2B-938A-FE48AAE2F729,False,False,True
TCGA-A8-A09W-01A-01-TS1.98c12c3a-dc1b-4e28-b3ce-89c5ad01c8bc,False,False,True
TCGA-B6-A0WX-01Z-00-DX1.1C4F7BCC-8423-4941-9490-0F35038E1878,False,False,True
